geracao,melhor_genes,fit,media_fit
1,"[0, 0, 2, 2, 2, 0, 2, 1, 0, 0, 0, 0, 0, 1, 3, 2, 3, 3, 2, 0, 0, 3, 2, 0, 0, 1, 0, 0, 1, 2, 3, 2, 1, 3, 0, 2, 2, 0, 3, 3, 1, 2, 3, 2, 0, 3, 2, 3, 1, 3, 3, 1, 1, 2, 2, 0, 3, 3, 0, 3, 1, 0, 0, 2, 1, 2, 1, 3, 3, 0, 0, 0, 2, 3, 3, 2, 2, 3, 3, 2, 1, 0, 3, 2, 0, 2, 1, 3, 3, 1, 2, 3, 1, 3, 3, 1, 1, 2, 3, 0, 3, 2, 0, 2, 0, 2, 2, 2, 3, 3, 1, 2, 3, 0, 1, 0, 0, 0, 2, 0, 3, 0, 0, 0, 2, 2, 1, 0, 2, 2, 3, 0, 0, 3, 2, 2, 0, 2, 3, 3, 3, 3, 1, 2, 1, 2, 0, 0, 2, 2, 2, 2, 0, 3, 0, 1, 0, 2, 0, 2, 1, 0, 3, 3, 2, 3, 2, 0, 1, 3, 2, 0, 2, 0, 2, 3, 1, 2, 3, 2, 3, 1, 0, 3, 3, 2, 3, 1, 2, 0, 1, 2, 3, 0, 3, 3, 0, 2, 2, 3, 3, 1, 2, 3, 3, 2, 2, 1, 1, 0, 3, 2, 1, 2, 2, 2, 1, 3, 3, 3, 1, 3, 0, 2, 3, 0, 2, 2, 2, 2, 3, 2, 2, 1, 1, 2, 1, 2, 0, 2, 2, 1, 1, 1, 3, 0, 0, 3, 0, 0, 1, 3, 3, 1, 2, 1, 1, 2, 1, 1, 2, 1, 2, 0, 2, 3, 2, 3, 3, 0, 3, 2, 0, 3, 2, 2, 3, 3, 3, 1, 1, 0, 1, 0, 2, 3, 3, 0, 0, 0, 2, 1, 3, 2, 0, 0, 0, 0, 0, 1, 3, 0, 2, 2, 3, 3, 0, 1, 0, 0, 0, 0, 3, 1, 0, 0, 0, 0, 2, 0, 2, 1, 1, 0, 0, 3, 1, 2, 2, 2, 3, 3, 1, 3, 3, 1, 0, 3, 1, 2, 3, 3, 0, 1, 1, 0, 2, 3, 1, 2, 0, 3, 2, 3, 1, 0, 2, 3, 1, 0, 0, 0, 1, 3, 3, 3, 2, 3, 1, 2, 1, 0, 2, 2, 0, 0, 3, 2, 2, 1, 1, 0, 0, 3, 3, 2, 2, 3, 3, 2, 1, 2, 3, 2, 3, 0, 1, 1, 3, 0, 1, 0, 1, 0, 3, 1, 0, 1, 2, 2, 2, 0, 1, 3, 2, 1, 3, 0, 1, 3, 0, 0, 2, 0, 1, 3, 3, 1, 0, 0, 0, 2, 2, 0, 3, 2, 3, 0, 0, 3, 1, 1, 1, 1, 0, 3, 2, 3, 0, 3, 1, 3, 3, 2, 2, 0, 3, 2, 1, 3, 3, 0, 2, 0, 0, 2, 0, 1, 0, 3, 2, 2, 0, 1, 1, 3, 3, 2, 1, 0, 0, 1, 2, 0, 3, 1, 3, 0, 2, 3, 1, 2, 1, 3, 0, 2, 3, 3, 3, 1, 1, 1, 0, 2, 3, 3, 0, 2, 1, 1, 3, 1, 0, 3, 0, 2, 3, 3, 2, 3, 1, 1, 2, 1, 3, 2, 0, 3, 2, 2, 1, 2, 2, 2, 0, 0, 0, 1, 2, 1, 0, 3, 3, 1, 3, 2, 2, 3, 1, 0, 2, 3, 0, 2, 0, 2, 3, 2, 0, 2, 2, 0, 2, 3, 1, 0, 3, 0, 1, 0, 1, 1, 1, 3, 2, 2, 1, 0, 3, 2, 2, 1, 0, 1, 2, 2, 0, 2, 2, 1, 2, 0, 2, 1, 3, 2, 2, 0, 3, 0]",0.237,0.111
2,"[3, 3, 2, 0, 1, 0, 3, 3, 2, 0, 2, 3, 2, 0, 2, 0, 1, 3, 2, 0, 3, 3, 3, 0, 0, 2, 1, 3, 3, 1, 1, 0, 1, 0, 3, 0, 3, 1, 2, 3, 1, 3, 0, 0, 1, 3, 2, 1, 0, 3, 3, 2, 3, 1, 1, 2, 1, 1, 0, 0, 0, 1, 3, 2, 1, 1, 3, 3, 2, 0, 2, 0, 3, 0, 1, 1, 0, 3, 0, 1, 2, 0, 0, 0, 2, 2, 2, 2, 2, 2, 2, 2, 2, 2, 2, 2, 2, 2, 2, 2, 2, 2, 2, 2, 3, 2, 0, 2, 3, 1, 1, 3, 2, 1, 1, 2, 0, 2, 0, 1, 2, 3, 3, 0, 1, 1, 3, 1, 1, 1, 1, 0, 3, 3, 1, 1, 3, 3, 2, 0, 3, 3, 3, 2, 3, 1, 2, 3, 2, 1, 1, 0, 1, 0, 2, 2, 2, 1, 3, 2, 1, 0, 3, 1, 2, 2, 2, 1, 3, 0, 2, 2, 3, 0, 2, 3, 2, 0, 0, 2, 0, 2, 3, 3, 0, 0, 2, 3, 2, 2, 3, 1, 2, 3, 2, 1, 0, 1, 3, 0, 2, 3, 3, 2, 3, 0, 2, 2, 2, 1, 2, 2, 1, 0, 0, 3, 0, 3, 1, 1, 0, 3, 2, 2, 1, 3, 1, 2, 1, 0, 0, 1, 1, 2, 2, 2, 2, 2, 2, 2, 2, 2, 2, 2, 2, 2, 2, 2, 2, 2, 2, 2, 2, 2, 0, 3, 2, 2, 3, 1, 2, 2, 1, 2, 0, 2, 2, 2, 1, 0, 3, 1, 2, 1, 2, 3, 2, 3, 0, 0, 0, 3, 1, 3, 3, 1, 0, 3, 1, 0, 1, 2, 3, 0, 3, 0, 0, 0, 1, 2, 1, 3, 0, 0, 3, 3, 2, 0, 1, 3, 2, 1, 1, 3, 3, 1, 2, 0, 3, 1, 2, 2, 0, 0, 0, 0, 2, 3, 2, 3, 0, 3, 0, 1, 1, 2, 0, 2, 1, 2, 2, 1, 2, 3, 3, 0, 0, 3, 3, 3, 2, 1, 3, 1, 2, 1, 1, 3, 0, 1, 1, 2, 2, 2, 1, 0, 3, 2, 2, 2, 2, 2, 2, 2, 2, 2, 2, 2, 2, 2, 2, 2, 2, 2, 2, 2, 2, 0, 1, 3, 2, 2, 1, 3, 1, 1, 3, 0, 0, 3, 3, 3, 0, 3, 2, 0, 3, 0, 3, 0, 0, 3, 2, 3, 0, 3, 2, 2, 0, 1, 2, 3, 0, 2, 3, 3, 3, 2, 0, 0, 2, 0, 1, 1, 2, 0, 1, 3, 0, 2, 0, 3, 1, 0, 3, 0, 2, 2, 1, 2, 3, 1, 2, 1, 2, 2, 1, 1, 3, 3, 3, 3, 3, 0, 3, 3, 0, 2, 3, 3, 0, 2, 1, 0, 1, 1, 3, 3, 0, 0, 1, 3, 3, 1, 0, 0, 0, 1, 3, 0, 1, 3, 0, 2, 0, 3, 2, 0, 1, 1, 3, 0, 1, 2, 0, 3, 2, 0, 1, 1, 0, 3, 0, 0, 0, 0, 3, 2, 1, 3, 2, 2, 2, 3, 2, 0, 0, 3, 2, 1, 0, 0, 3, 3, 2, 0, 3, 2, 2, 0, 1, 2, 2, 0, 1, 0, 3, 0, 2, 3, 3, 2, 0, 3, 2, 0, 3, 1, 1, 3, 1, 3, 3, 1, 2, 0, 2, 1, 3, 2, 2, 1, 0, 0, 1, 3, 2, 3, 0, 1, 0, 3, 3, 1, 3, 1, 1, 2, 1, 2, 2, 3, 1, 2, 3, 1, 2, 0, 2, 0]",0.345,0.172
3,"[0, 3, 2, 1, 1, 0, 2, 2, 3, 2, 0, 0, 2, 2, 3, 3, 3, 3, 1, 2, 0, 1, 0, 1, 3, 2, 0, 2, 2, 2, 3, 1, 0, 0, 3, 2, 2, 1, 0, 2, 2, 3, 0, 3, 2, 1, 2, 0, 3, 2, 3, 1, 2, 2, 0, 2, 2, 3, 0, 0, 1, 3, 0, 0, 2, 1, 3, 0, 1, 3, 2, 2, 2, 1, 3, 3, 3, 2, 3, 1, 2, 0, 0, 3, 2, 3, 3, 0, 1, 3, 2, 3, 0, 2, 3, 1, 1, 2, 1, 2, 3, 2, 3, 0, 3, 0, 2, 2, 1, 1, 0, 3, 1, 2, 2, 1, 2, 0, 1, 3, 1, 0, 1, 1, 1, 3, 2, 2, 2, 1, 0, 0, 0, 2, 0, 1, 0, 2, 3, 3, 1, 3, 1, 3, 1, 0, 3, 0, 2, 3, 1, 1, 1, 1, 1, 1, 1, 1, 1, 1, 1, 1, 1, 1, 1, 1, 1, 1, 1, 1, 3, 2, 0, 1, 1, 2, 0, 0, 3, 2, 1, 0, 1, 1, 1, 2, 1, 3, 3, 1, 3, 2, 1, 2, 2, 3, 0, 0, 2, 0, 0, 0, 2, 2, 3, 2, 0, 3, 0, 3, 3, 3, 2, 3, 1, 3, 1, 1, 3, 1, 1, 1, 0, 2, 0, 0, 0, 1, 2, 1, 3, 3, 1, 0, 0, 1, 2, 0, 2, 2, 3, 1, 1, 3, 2, 0, 1, 0, 0, 2, 3, 1, 1, 3, 0, 3, 3, 0, 1, 0, 2, 3, 0, 2, 3, 0, 0, 0, 2, 3, 0, 3, 2, 3, 2, 1, 3, 3, 2, 0, 1, 0, 2, 3, 2, 2, 2, 2, 2, 2, 2, 2, 2, 2, 2, 2, 2, 2, 2, 2, 2, 2, 2, 2, 2, 3, 2, 3, 3, 0, 3, 1, 2, 1, 2, 3, 3, 1, 2, 3, 2, 3, 0, 1, 2, 2, 1, 2, 2, 2, 2, 2, 1, 2, 1, 1, 3, 0, 3, 3, 0, 2, 3, 3, 2, 0, 1, 2, 3, 3, 0, 2, 2, 2, 2, 2, 2, 2, 2, 2, 2, 2, 2, 2, 2, 2, 2, 2, 2, 2, 2, 2, 2, 2, 3, 0, 1, 2, 1, 3, 0, 2, 2, 0, 3, 3, 2, 2, 2, 2, 2, 2, 2, 2, 2, 2, 2, 2, 2, 2, 2, 2, 2, 2, 2, 2, 0, 1, 3, 1, 1, 2, 2, 2, 1, 2, 2, 2, 0, 0, 0, 0, 0, 2, 2, 0, 1, 2, 0, 3, 2, 2, 1, 2, 1, 2, 3, 1, 1, 0, 2, 2, 2, 3, 1, 0, 2, 2, 1, 0, 1, 1, 0, 0, 3, 2, 0, 2, 1, 2, 3, 1, 2, 0, 3, 0, 3, 1, 3, 0, 1, 0, 2, 0, 1, 2, 3, 1, 3, 3, 3, 1, 0, 1, 3, 2, 2, 2, 2, 1, 0, 1, 3, 0, 3, 3, 2, 1, 3, 3, 3, 0, 2, 3, 1, 3, 3, 2, 2, 0, 1, 3, 3, 1, 2, 3, 3, 2, 1, 1, 0, 0, 1, 0, 1, 0, 1, 3, 1, 2, 0, 1, 1, 1, 3, 2, 2, 2, 2, 2, 2, 2, 2, 2, 2, 2, 2, 2, 2, 2, 2, 2, 2, 2, 2, 0, 0, 2, 1, 0, 1, 3, 2, 2, 2, 0, 3, 1, 0, 2, 3, 1, 1, 2, 2, 0, 2, 1, 3, 1, 2, 0, 1, 3, 1, 3, 1, 2, 1, 1, 2, 3, 3, 3, 0, 1, 3, 3, 0, 1]",0.359,0.213
4,"[0, 3, 2, 1, 1, 0, 2, 2, 3, 2, 0, 0, 2, 2, 3, 3, 3, 3, 1, 2, 0, 1, 0, 1, 3, 2, 0, 2, 2, 2, 3, 1, 0, 0, 3, 2, 2, 1, 0, 2, 2, 3, 0, 3, 2, 1, 2, 0, 3, 2, 3, 1, 2, 2, 0, 2, 2, 3, 0, 0, 1, 3, 0, 0, 2, 1, 3, 0, 1, 3, 2, 2, 2, 1, 3, 3, 3, 2, 3, 1, 2, 0, 0, 3, 2, 3, 3, 0, 1, 3, 2, 3, 0, 2, 3, 1, 1, 2, 1, 2, 3, 2, 3, 0, 3, 0, 2, 2, 1, 1, 0, 3, 1, 2, 2, 1, 2, 0, 1, 3, 1, 0, 1, 1, 1, 3, 2, 2, 2, 1, 0, 0, 0, 2, 0, 1, 0, 2, 3, 3, 1, 3, 1, 3, 1, 0, 3, 0, 2, 3, 1, 1, 1, 1, 1, 1, 1, 1, 1, 1, 1, 1, 1, 1, 1, 1, 1, 1, 1, 1, 3, 2, 0, 1, 1, 2, 0, 0, 3, 2, 1, 0, 1, 1, 1, 2, 1, 3, 3, 1, 3, 2, 1, 2, 2, 3, 0, 0, 2, 0, 0, 0, 2, 2, 3, 2, 0, 3, 0, 3, 3, 3, 2, 3, 1, 3, 1, 1, 3, 1, 1, 1, 0, 2, 0, 0, 0, 1, 2, 1, 3, 3, 1, 0, 0, 1, 2, 0, 2, 2, 3, 1, 1, 3, 2, 0, 1, 0, 0, 2, 3, 1, 1, 3, 0, 3, 3, 0, 1, 0, 2, 3, 0, 2, 3, 0, 0, 0, 2, 3, 0, 3, 2, 3, 2, 1, 3, 3, 2, 0, 1, 0, 2, 3, 2, 2, 2, 2, 2, 2, 2, 2, 2, 2, 2, 2, 2, 2, 2, 2, 2, 2, 2, 2, 2, 3, 2, 3, 3, 0, 3, 1, 2, 1, 2, 3, 3, 1, 2, 3, 2, 3, 0, 1, 2, 2, 1, 2, 2, 2, 2, 2, 1, 2, 1, 1, 3, 0, 3, 3, 0, 2, 3, 3, 2, 0, 1, 2, 3, 3, 0, 2, 2, 2, 2, 2, 2, 2, 2, 2, 2, 2, 2, 2, 2, 2, 2, 2, 2, 2, 2, 2, 2, 2, 3, 0, 1, 2, 1, 3, 0, 2, 2, 0, 3, 3, 2, 2, 2, 2, 2, 2, 2, 2, 2, 2, 2, 2, 2, 2, 2, 2, 2, 2, 2, 2, 0, 1, 3, 1, 1, 2, 2, 2, 1, 2, 2, 2, 0, 0, 0, 0, 0, 2, 2, 0, 1, 2, 0, 3, 2, 2, 1, 2, 1, 2, 3, 1, 1, 0, 2, 2, 2, 3, 1, 0, 2, 2, 1, 0, 1, 1, 0, 0, 3, 2, 0, 2, 1, 2, 3, 1, 2, 0, 3, 0, 3, 1, 3, 0, 1, 0, 2, 0, 1, 2, 3, 1, 3, 3, 3, 1, 0, 1, 3, 2, 2, 2, 2, 1, 0, 1, 3, 0, 3, 3, 2, 1, 3, 3, 3, 0, 2, 3, 1, 3, 3, 2, 2, 0, 1, 3, 3, 1, 2, 3, 3, 2, 1, 1, 0, 0, 1, 0, 1, 0, 1, 3, 1, 2, 0, 1, 1, 1, 3, 2, 2, 2, 2, 2, 2, 2, 2, 2, 2, 2, 2, 2, 2, 2, 2, 2, 2, 2, 2, 0, 0, 2, 1, 0, 1, 3, 2, 2, 2, 0, 3, 1, 0, 2, 3, 1, 1, 2, 2, 0, 2, 1, 3, 1, 2, 0, 1, 3, 1, 3, 1, 2, 1, 1, 2, 3, 3, 3, 0, 1, 3, 3, 0, 1]",0.359,0.239
5,"[1, 0, 2, 1, 0, 3, 2, 1, 3, 1, 0, 0, 2, 0, 0, 1, 2, 1, 0, 3, 3, 1, 2, 2, 0, 0, 0, 1, 3, 1, 3, 1, 1, 0, 3, 3, 1, 1, 1, 2, 0, 0, 3, 1, 0, 3, 0, 1, 1, 3, 0, 2, 1, 0, 0, 0, 1, 1, 3, 0, 0, 1, 2, 2, 3, 0, 0, 1, 0, 0, 2, 2, 2, 2, 2, 2, 2, 2, 2, 2, 2, 2, 2, 2, 2, 2, 2, 2, 2, 2, 3, 1, 1, 1, 1, 1, 0, 2, 0, 0, 3, 0, 2, 0, 0, 1, 1, 2, 0, 0, 0, 0, 1, 1, 2, 2, 2, 0, 3, 2, 2, 1, 3, 2, 0, 3, 3, 0, 1, 2, 2, 2, 1, 2, 2, 3, 1, 0, 3, 2, 3, 1, 3, 1, 0, 3, 2, 0, 2, 1, 1, 2, 3, 2, 0, 2, 2, 2, 2, 2, 2, 2, 2, 2, 2, 2, 2, 2, 2, 2, 2, 2, 2, 2, 2, 0, 0, 2, 1, 0, 0, 3, 0, 1, 2, 0, 0, 3, 2, 0, 1, 1, 0, 0, 0, 1, 2, 3, 1, 3, 3, 1, 2, 1, 1, 2, 1, 1, 2, 1, 2, 2, 0, 2, 3, 3, 0, 0, 1, 3, 2, 3, 2, 3, 2, 3, 3, 2, 2, 1, 0, 1, 1, 3, 0, 0, 2, 1, 1, 3, 1, 0, 3, 1, 3, 1, 0, 0, 2, 3, 1, 1, 3, 0, 3, 1, 2, 3, 2, 0, 1, 1, 0, 1, 2, 1, 3, 1, 0, 3, 0, 3, 3, 1, 0, 1, 0, 0, 3, 1, 3, 3, 0, 0, 1, 0, 3, 2, 0, 3, 2, 1, 3, 3, 2, 0, 2, 0, 1, 3, 3, 2, 0, 2, 2, 0, 3, 3, 1, 3, 1, 3, 0, 1, 1, 3, 2, 3, 0, 1, 0, 0, 0, 0, 1, 1, 1, 2, 2, 0, 2, 3, 3, 0, 2, 1, 0, 0, 1, 2, 0, 2, 1, 0, 2, 0, 1, 2, 1, 3, 1, 3, 0, 2, 3, 3, 1, 3, 3, 2, 2, 3, 2, 0, 1, 3, 3, 0, 3, 2, 1, 3, 2, 2, 1, 2, 3, 2, 2, 2, 2, 2, 2, 2, 2, 2, 2, 2, 2, 2, 2, 2, 2, 2, 2, 2, 2, 0, 3, 0, 0, 3, 1, 0, 2, 0, 1, 0, 0, 1, 1, 1, 1, 3, 0, 1, 1, 2, 3, 3, 2, 0, 0, 1, 0, 1, 3, 3, 2, 1, 3, 3, 0, 3, 1, 2, 0, 2, 1, 3, 1, 0, 2, 3, 0, 2, 2, 0, 0, 2, 3, 2, 2, 1, 3, 2, 1, 1, 1, 0, 1, 3, 1, 3, 1, 0, 0, 3, 2, 2, 0, 1, 2, 2, 2, 2, 2, 2, 2, 2, 2, 2, 2, 2, 2, 2, 2, 2, 2, 2, 2, 2, 3, 3, 2, 2, 0, 2, 0, 0, 2, 2, 3, 0, 1, 1, 3, 3, 1, 0, 2, 0, 2, 2, 2, 0, 0, 3, 0, 2, 2, 1, 1, 0, 2, 2, 0, 0, 1, 0, 2, 0, 2, 1, 1, 1, 3, 3, 3, 3, 0, 1, 1, 0, 3, 2, 0, 3, 3, 3, 2, 1, 1, 2, 3, 3, 0, 2, 0, 1, 2, 1, 1, 0, 0, 3, 3, 1, 2, 2, 3, 3, 3, 1, 3, 2, 3, 1, 1, 1, 3, 2, 0, 2, 1, 3, 1, 3, 0, 2, 0, 3, 1, 0, 0, 3, 0, 1, 3, 0]",0.361,0.259
6,"[2, 3, 2, 1, 1, 1, 1, 0, 3, 3, 3, 2, 0, 0, 0, 0, 1, 3, 3, 2, 1, 1, 3, 3, 2, 3, 0, 2, 2, 1, 0, 1, 0, 2, 0, 1, 3, 0, 0, 2, 0, 2, 2, 2, 2, 2, 2, 2, 2, 2, 2, 2, 2, 2, 2, 2, 2, 2, 2, 2, 2, 3, 0, 2, 1, 2, 1, 2, 0, 3, 3, 3, 2, 0, 2, 1, 2, 0, 3, 2, 0, 3, 2, 0, 0, 1, 0, 1, 1, 3, 3, 2, 3, 2, 2, 2, 2, 2, 2, 2, 2, 2, 2, 2, 2, 2, 2, 2, 2, 2, 2, 2, 2, 0, 2, 2, 2, 2, 2, 2, 2, 2, 2, 2, 2, 2, 0, 3, 0, 1, 2, 0, 1, 3, 0, 2, 0, 3, 0, 3, 2, 3, 1, 2, 2, 2, 1, 2, 0, 3, 1, 1, 0, 3, 0, 1, 0, 2, 0, 2, 0, 1, 3, 0, 0, 3, 0, 1, 2, 3, 2, 1, 0, 2, 1, 1, 1, 3, 3, 3, 2, 3, 3, 0, 2, 2, 3, 1, 3, 1, 1, 0, 1, 0, 2, 1, 3, 2, 0, 0, 1, 1, 0, 1, 1, 2, 2, 2, 2, 0, 3, 3, 0, 3, 1, 3, 3, 2, 0, 1, 0, 2, 2, 3, 0, 0, 1, 3, 0, 2, 2, 2, 2, 2, 2, 2, 2, 2, 2, 2, 2, 2, 2, 2, 2, 2, 2, 2, 2, 2, 2, 2, 2, 2, 2, 0, 3, 3, 2, 2, 0, 3, 0, 0, 3, 2, 3, 1, 2, 1, 2, 2, 0, 2, 2, 3, 0, 1, 3, 0, 3, 3, 0, 3, 2, 1, 1, 0, 3, 0, 3, 0, 1, 1, 1, 1, 1, 1, 1, 1, 3, 0, 3, 3, 3, 1, 2, 3, 2, 2, 1, 1, 3, 1, 3, 0, 2, 2, 2, 2, 2, 2, 1, 1, 1, 1, 1, 1, 1, 1, 1, 1, 1, 1, 1, 1, 1, 1, 1, 1, 1, 1, 0, 1, 3, 1, 2, 2, 1, 2, 3, 3, 3, 3, 1, 3, 3, 0, 2, 2, 0, 2, 2, 3, 3, 2, 0, 1, 0, 1, 3, 1, 1, 0, 1, 3, 3, 2, 2, 2, 1, 1, 1, 1, 1, 1, 1, 1, 1, 1, 1, 1, 1, 1, 1, 1, 1, 1, 1, 1, 0, 1, 1, 1, 1, 1, 1, 1, 1, 1, 1, 1, 1, 1, 1, 1, 1, 1, 1, 1, 1, 1, 1, 1, 1, 1, 1, 0, 0, 3, 3, 1, 1, 1, 1, 1, 1, 1, 1, 1, 1, 1, 1, 1, 1, 1, 1, 1, 1, 1, 1, 1, 3, 1, 1, 1, 1, 1, 1, 1, 1, 1, 1, 1, 1, 1, 1, 1, 1, 1, 1, 1, 1, 0, 0, 2, 1, 2, 3, 0, 1, 1, 3, 2, 2, 1, 3, 3, 0, 0, 1, 0, 1, 1, 2, 1, 0, 2, 2, 0, 1, 2, 0, 3, 3, 1, 2, 0, 1, 0, 0, 3, 2, 3, 1, 1, 3, 0, 0, 0, 3, 2, 2, 1, 1, 3, 0, 2, 2, 1, 1, 1, 3, 2, 2, 2, 2, 2, 2, 2, 2, 2, 2, 2, 2, 2, 2, 2, 2, 2, 2, 2, 2, 3, 3, 3, 0, 1, 1, 2, 1, 3, 0, 0, 0, 3, 1, 1, 2, 3, 0, 3, 1, 0, 2, 1, 1, 0, 0, 3, 3, 1, 0, 0, 2, 1, 2, 2, 2, 0, 2, 2, 0, 3, 3, 1, 1, 0, 1, 2]",0.422,0.266
7,"[2, 3, 2, 1, 1, 1, 1, 0, 3, 3, 3, 2, 0, 0, 0, 0, 1, 3, 3, 2, 1, 1, 3, 3, 2, 3, 0, 2, 2, 1, 0, 1, 0, 2, 0, 1, 3, 0, 0, 2, 0, 2, 2, 2, 2, 2, 2, 2, 2, 2, 2, 2, 2, 2, 2, 2, 2, 2, 2, 2, 2, 3, 0, 2, 1, 2, 1, 2, 0, 3, 3, 3, 2, 0, 2, 1, 2, 0, 3, 2, 0, 3, 2, 0, 0, 1, 0, 1, 1, 3, 3, 2, 3, 2, 2, 2, 2, 2, 2, 2, 2, 2, 2, 2, 2, 2, 2, 2, 2, 2, 2, 2, 2, 0, 2, 2, 2, 2, 2, 2, 2, 2, 2, 2, 2, 2, 0, 3, 0, 1, 2, 0, 1, 3, 0, 2, 0, 3, 0, 3, 2, 3, 1, 2, 2, 2, 1, 2, 0, 3, 1, 1, 0, 3, 0, 1, 0, 2, 0, 2, 0, 1, 3, 0, 0, 3, 0, 1, 2, 3, 2, 1, 0, 2, 1, 1, 1, 3, 3, 3, 2, 3, 3, 0, 2, 2, 3, 1, 3, 1, 1, 0, 1, 0, 2, 1, 3, 2, 0, 0, 1, 1, 0, 1, 1, 2, 2, 2, 2, 0, 3, 3, 0, 3, 1, 3, 3, 2, 0, 1, 0, 2, 2, 3, 0, 0, 1, 3, 0, 2, 2, 2, 2, 2, 2, 2, 2, 2, 2, 2, 2, 2, 2, 2, 2, 2, 2, 2, 2, 2, 2, 2, 2, 2, 2, 0, 3, 3, 2, 2, 0, 3, 0, 0, 3, 2, 3, 1, 2, 1, 2, 2, 0, 2, 2, 3, 0, 1, 3, 0, 3, 3, 0, 3, 2, 1, 1, 0, 3, 0, 3, 0, 1, 1, 1, 1, 1, 1, 1, 1, 3, 0, 3, 3, 3, 1, 2, 3, 2, 2, 1, 1, 3, 1, 3, 0, 2, 2, 2, 2, 2, 2, 1, 1, 1, 1, 1, 1, 1, 1, 1, 1, 1, 1, 1, 1, 1, 1, 1, 1, 1, 1, 0, 1, 3, 1, 2, 2, 1, 2, 3, 3, 3, 3, 1, 3, 3, 0, 2, 2, 0, 2, 2, 3, 3, 2, 0, 1, 0, 1, 3, 1, 1, 0, 1, 3, 3, 2, 2, 2, 1, 1, 1, 1, 1, 1, 1, 1, 1, 1, 1, 1, 1, 1, 1, 1, 1, 1, 1, 1, 0, 1, 1, 1, 1, 1, 1, 1, 1, 1, 1, 1, 1, 1, 1, 1, 1, 1, 1, 1, 1, 1, 1, 1, 1, 1, 1, 0, 0, 3, 3, 1, 1, 1, 1, 1, 1, 1, 1, 1, 1, 1, 1, 1, 1, 1, 1, 1, 1, 1, 1, 1, 3, 1, 1, 1, 1, 1, 1, 1, 1, 1, 1, 1, 1, 1, 1, 1, 1, 1, 1, 1, 1, 0, 0, 2, 1, 2, 3, 0, 1, 1, 3, 2, 2, 1, 3, 3, 0, 0, 1, 0, 1, 1, 2, 1, 0, 2, 2, 0, 1, 2, 0, 3, 3, 1, 2, 0, 1, 0, 0, 3, 2, 3, 1, 1, 3, 0, 0, 0, 3, 2, 2, 1, 1, 3, 0, 2, 2, 1, 1, 1, 3, 2, 2, 2, 2, 2, 2, 2, 2, 2, 2, 2, 2, 2, 2, 2, 2, 2, 2, 2, 2, 3, 3, 3, 0, 1, 1, 2, 1, 3, 0, 0, 0, 3, 1, 1, 2, 3, 0, 3, 1, 0, 2, 1, 1, 0, 0, 3, 3, 1, 0, 0, 2, 1, 2, 2, 2, 0, 2, 2, 0, 3, 3, 1, 1, 0, 1, 2]",0.422,0.26
8,"[1, 0, 1, 0, 2, 3, 2, 2, 2, 0, 2, 3, 1, 2, 0, 3, 2, 1, 3, 3, 0, 1, 3, 3, 2, 2, 3, 3, 2, 3, 0, 0, 1, 1, 2, 3, 0, 3, 2, 2, 2, 0, 3, 2, 2, 2, 3, 0, 1, 0, 3, 3, 3, 2, 1, 3, 1, 2, 0, 1, 1, 2, 0, 0, 1, 2, 3, 1, 2, 1, 3, 3, 2, 3, 2, 2, 1, 2, 2, 2, 2, 1, 3, 1, 2, 2, 1, 3, 2, 3, 3, 2, 1, 2, 1, 2, 0, 3, 1, 2, 3, 0, 3, 1, 0, 2, 1, 3, 2, 3, 2, 1, 3, 2, 2, 3, 3, 2, 3, 3, 1, 2, 3, 1, 1, 3, 3, 1, 1, 0, 2, 0, 1, 1, 1, 1, 1, 1, 1, 1, 1, 1, 1, 1, 1, 1, 1, 1, 1, 1, 1, 1, 1, 1, 3, 1, 3, 3, 0, 0, 3, 0, 0, 1, 3, 1, 1, 3, 3, 0, 0, 1, 3, 0, 3, 0, 1, 3, 2, 0, 3, 2, 0, 1, 1, 2, 0, 1, 2, 0, 2, 1, 3, 3, 1, 0, 2, 1, 2, 0, 3, 2, 2, 1, 3, 1, 1, 1, 0, 3, 1, 2, 0, 3, 3, 1, 1, 3, 1, 1, 1, 1, 3, 2, 2, 1, 2, 3, 3, 3, 0, 3, 0, 3, 2, 1, 2, 3, 3, 1, 1, 1, 2, 2, 3, 1, 0, 1, 1, 2, 2, 0, 3, 1, 1, 1, 1, 1, 1, 1, 1, 1, 1, 1, 1, 1, 1, 1, 1, 1, 1, 1, 1, 3, 1, 2, 3, 2, 3, 1, 2, 2, 3, 2, 3, 3, 2, 1, 3, 0, 2, 3, 3, 3, 1, 2, 0, 1, 0, 2, 2, 2, 2, 2, 2, 3, 2, 3, 3, 0, 3, 1, 2, 1, 2, 3, 3, 1, 2, 3, 2, 3, 0, 1, 2, 2, 1, 2, 2, 2, 2, 2, 1, 2, 1, 1, 3, 0, 3, 3, 0, 2, 3, 3, 2, 0, 1, 2, 3, 3, 0, 2, 2, 2, 2, 2, 2, 2, 2, 2, 2, 2, 2, 2, 2, 2, 2, 2, 2, 2, 2, 2, 2, 2, 3, 0, 1, 2, 1, 3, 0, 2, 2, 0, 3, 3, 2, 2, 2, 2, 2, 2, 2, 2, 2, 2, 2, 2, 2, 2, 2, 2, 2, 2, 2, 2, 0, 1, 3, 1, 1, 2, 2, 2, 1, 2, 2, 2, 0, 0, 0, 0, 0, 2, 2, 0, 1, 2, 0, 3, 2, 2, 1, 2, 1, 2, 3, 1, 1, 0, 2, 2, 2, 3, 1, 0, 2, 2, 1, 0, 1, 1, 2, 2, 2, 2, 2, 2, 2, 2, 2, 2, 2, 2, 2, 2, 2, 2, 2, 2, 2, 2, 0, 0, 1, 2, 3, 1, 3, 3, 3, 1, 0, 1, 3, 2, 2, 2, 2, 1, 0, 1, 3, 0, 3, 3, 2, 1, 3, 3, 3, 0, 2, 3, 1, 3, 3, 2, 2, 0, 1, 3, 3, 1, 2, 3, 3, 2, 1, 1, 0, 0, 1, 0, 1, 0, 1, 3, 1, 2, 0, 1, 1, 1, 3, 2, 2, 2, 2, 2, 2, 2, 2, 2, 2, 2, 2, 2, 2, 2, 2, 2, 2, 2, 2, 0, 0, 2, 1, 0, 1, 3, 2, 2, 2, 0, 3, 1, 0, 2, 3, 1, 1, 2, 2, 0, 2, 1, 3, 1, 2, 0, 1, 3, 1, 3, 1, 2, 1, 1, 2, 3, 3, 3, 0, 1, 3, 3, 0, 1]",0.429,0.272
9,"[1, 0, 1, 0, 2, 3, 2, 2, 2, 0, 2, 3, 1, 2, 0, 3, 2, 1, 3, 3, 0, 1, 3, 3, 2, 2, 3, 3, 2, 3, 0, 0, 1, 1, 2, 3, 0, 3, 2, 2, 2, 0, 3, 2, 2, 2, 3, 0, 1, 0, 3, 3, 3, 2, 1, 3, 1, 2, 0, 1, 1, 2, 0, 0, 1, 2, 3, 1, 2, 1, 3, 3, 2, 3, 2, 2, 1, 2, 2, 2, 2, 1, 3, 1, 2, 2, 1, 3, 2, 3, 3, 2, 1, 2, 1, 2, 0, 3, 1, 2, 3, 0, 3, 1, 0, 2, 1, 3, 2, 3, 2, 1, 3, 2, 2, 3, 3, 2, 3, 3, 1, 2, 3, 1, 1, 3, 3, 1, 1, 0, 2, 0, 1, 1, 1, 1, 1, 1, 1, 1, 1, 1, 1, 1, 1, 1, 1, 1, 1, 1, 1, 1, 1, 1, 3, 1, 3, 3, 0, 0, 3, 0, 0, 1, 3, 1, 1, 3, 3, 0, 0, 1, 3, 0, 3, 0, 1, 3, 2, 0, 3, 2, 0, 1, 1, 2, 0, 1, 2, 0, 2, 1, 3, 3, 1, 0, 2, 1, 2, 0, 3, 2, 2, 1, 3, 1, 1, 1, 0, 3, 1, 2, 0, 3, 3, 1, 1, 3, 1, 1, 1, 1, 3, 2, 2, 1, 2, 3, 3, 3, 0, 3, 0, 3, 2, 1, 2, 3, 3, 1, 1, 1, 2, 2, 3, 1, 0, 1, 1, 2, 2, 0, 3, 1, 1, 1, 1, 1, 1, 1, 1, 1, 1, 1, 1, 1, 1, 1, 1, 1, 1, 1, 1, 3, 1, 2, 3, 2, 3, 1, 2, 2, 3, 2, 3, 3, 2, 1, 3, 0, 2, 3, 3, 3, 1, 2, 0, 1, 0, 2, 2, 2, 2, 2, 2, 3, 2, 3, 3, 0, 3, 1, 2, 1, 2, 3, 3, 1, 2, 3, 2, 3, 0, 1, 2, 2, 1, 2, 2, 2, 2, 2, 1, 2, 1, 1, 3, 0, 3, 3, 0, 2, 3, 3, 2, 0, 1, 2, 3, 3, 0, 2, 2, 2, 2, 2, 2, 2, 2, 2, 2, 2, 2, 2, 2, 2, 2, 2, 2, 2, 2, 2, 2, 2, 3, 0, 1, 2, 1, 3, 0, 2, 2, 0, 3, 3, 2, 2, 2, 2, 2, 2, 2, 2, 2, 2, 2, 2, 2, 2, 2, 2, 2, 2, 2, 2, 0, 1, 3, 1, 1, 2, 2, 2, 1, 2, 2, 2, 0, 0, 0, 0, 0, 2, 2, 0, 1, 2, 0, 3, 2, 2, 1, 2, 1, 2, 3, 1, 1, 0, 2, 2, 2, 3, 1, 0, 2, 2, 1, 0, 1, 1, 2, 2, 2, 2, 2, 2, 2, 2, 2, 2, 2, 2, 2, 2, 2, 2, 2, 2, 2, 2, 0, 0, 1, 2, 3, 1, 3, 3, 3, 1, 0, 1, 3, 2, 2, 2, 2, 1, 0, 1, 3, 0, 3, 3, 2, 1, 3, 3, 3, 0, 2, 3, 1, 3, 3, 2, 2, 0, 1, 3, 3, 1, 2, 3, 3, 2, 1, 1, 0, 0, 1, 0, 1, 0, 1, 3, 1, 2, 0, 1, 1, 1, 3, 2, 2, 2, 2, 2, 2, 2, 2, 2, 2, 2, 2, 2, 2, 2, 2, 2, 2, 2, 2, 0, 0, 2, 1, 0, 1, 3, 2, 2, 2, 0, 3, 1, 0, 2, 3, 1, 1, 2, 2, 0, 2, 1, 3, 1, 2, 0, 1, 3, 1, 3, 1, 2, 1, 1, 2, 3, 3, 3, 0, 1, 3, 3, 0, 1]",0.429,0.271
10,"[1, 0, 1, 0, 2, 3, 2, 2, 2, 0, 2, 3, 1, 2, 0, 3, 2, 1, 3, 3, 0, 1, 3, 3, 2, 2, 3, 3, 2, 3, 0, 0, 1, 1, 2, 3, 0, 3, 2, 2, 2, 0, 3, 2, 2, 2, 3, 0, 1, 0, 3, 3, 3, 2, 1, 3, 1, 2, 0, 1, 1, 2, 0, 0, 1, 2, 3, 1, 2, 1, 3, 3, 2, 3, 2, 2, 1, 2, 2, 2, 2, 1, 3, 1, 2, 2, 1, 3, 2, 3, 3, 2, 1, 2, 1, 2, 0, 3, 1, 2, 3, 0, 3, 1, 0, 2, 1, 3, 2, 3, 2, 1, 3, 2, 2, 3, 3, 2, 3, 3, 1, 2, 3, 1, 1, 3, 3, 1, 1, 0, 2, 0, 1, 1, 1, 1, 1, 1, 1, 1, 1, 1, 1, 1, 1, 1, 1, 1, 1, 1, 1, 1, 1, 1, 3, 1, 3, 3, 0, 0, 3, 0, 0, 1, 3, 1, 1, 3, 3, 0, 0, 1, 3, 0, 3, 0, 1, 3, 2, 0, 3, 2, 0, 1, 1, 2, 0, 1, 2, 0, 2, 1, 3, 3, 1, 0, 2, 1, 2, 0, 3, 2, 2, 1, 3, 1, 1, 1, 0, 3, 1, 2, 0, 3, 3, 1, 1, 3, 1, 1, 1, 1, 3, 2, 2, 1, 2, 3, 3, 3, 0, 3, 0, 3, 2, 1, 2, 3, 3, 1, 1, 1, 2, 2, 3, 1, 0, 1, 1, 2, 2, 0, 3, 1, 1, 1, 1, 1, 1, 1, 1, 1, 1, 1, 1, 1, 1, 1, 1, 1, 1, 1, 1, 3, 1, 2, 3, 2, 3, 1, 2, 2, 3, 2, 3, 3, 2, 1, 3, 0, 2, 3, 3, 3, 1, 2, 0, 1, 0, 2, 2, 2, 2, 2, 2, 3, 2, 3, 3, 0, 3, 1, 2, 1, 2, 3, 3, 1, 2, 3, 2, 3, 0, 1, 2, 2, 1, 2, 2, 2, 2, 2, 1, 2, 1, 1, 3, 0, 3, 3, 0, 2, 3, 3, 2, 0, 1, 2, 3, 3, 0, 2, 2, 2, 2, 2, 2, 2, 2, 2, 2, 2, 2, 2, 2, 2, 2, 2, 2, 2, 2, 2, 2, 2, 3, 0, 1, 2, 1, 3, 0, 2, 2, 0, 3, 3, 2, 2, 2, 2, 2, 2, 2, 2, 2, 2, 2, 2, 2, 2, 2, 2, 2, 2, 2, 2, 0, 1, 3, 1, 1, 2, 2, 2, 1, 2, 2, 2, 2, 2, 2, 2, 2, 2, 2, 2, 2, 2, 2, 2, 2, 2, 2, 2, 2, 2, 2, 0, 1, 0, 2, 2, 2, 3, 1, 0, 2, 2, 1, 0, 1, 1, 2, 2, 2, 2, 2, 2, 2, 2, 2, 2, 2, 2, 2, 2, 2, 2, 2, 2, 2, 2, 0, 0, 1, 2, 3, 1, 3, 3, 3, 1, 0, 1, 3, 2, 2, 2, 2, 1, 0, 1, 3, 0, 3, 3, 2, 1, 3, 3, 3, 0, 2, 3, 1, 3, 3, 2, 2, 0, 1, 3, 3, 1, 2, 3, 3, 2, 1, 1, 0, 0, 1, 0, 1, 0, 1, 3, 1, 2, 0, 1, 1, 1, 3, 2, 2, 2, 2, 2, 2, 2, 2, 2, 2, 2, 2, 2, 2, 2, 2, 2, 2, 2, 2, 0, 0, 2, 1, 0, 1, 3, 2, 2, 2, 0, 3, 1, 0, 2, 3, 1, 1, 2, 2, 0, 2, 1, 3, 1, 2, 0, 1, 3, 1, 3, 1, 2, 1, 1, 2, 3, 3, 3, 0, 1, 3, 3, 0, 1]",0.438,0.271
11,"[1, 0, 1, 0, 2, 3, 2, 2, 2, 0, 2, 3, 1, 2, 0, 3, 2, 1, 3, 3, 0, 1, 3, 3, 2, 2, 3, 3, 2, 3, 0, 0, 1, 1, 2, 3, 0, 3, 2, 2, 2, 0, 3, 2, 2, 2, 3, 0, 1, 0, 3, 3, 3, 2, 1, 3, 1, 2, 0, 1, 1, 2, 0, 0, 1, 2, 3, 1, 2, 1, 3, 3, 2, 3, 2, 2, 1, 2, 2, 2, 2, 1, 3, 1, 2, 2, 1, 3, 2, 3, 3, 2, 1, 2, 1, 2, 0, 3, 1, 2, 3, 0, 3, 1, 0, 2, 1, 3, 2, 3, 2, 1, 3, 2, 2, 3, 3, 2, 3, 3, 1, 2, 3, 1, 1, 3, 3, 1, 1, 0, 2, 0, 1, 1, 1, 1, 1, 1, 1, 1, 1, 1, 1, 1, 1, 1, 1, 1, 1, 1, 1, 1, 1, 1, 3, 1, 3, 3, 0, 0, 3, 0, 0, 1, 3, 1, 1, 3, 3, 0, 0, 1, 3, 0, 3, 0, 1, 3, 2, 0, 3, 2, 0, 1, 1, 2, 0, 1, 2, 0, 2, 1, 3, 3, 1, 0, 2, 1, 2, 0, 3, 2, 2, 1, 3, 1, 1, 1, 0, 3, 1, 2, 0, 3, 3, 1, 1, 3, 1, 1, 1, 1, 3, 2, 2, 1, 2, 3, 3, 3, 0, 3, 0, 3, 2, 1, 2, 3, 3, 1, 1, 1, 2, 2, 3, 1, 0, 1, 1, 2, 2, 0, 3, 1, 1, 1, 1, 1, 1, 1, 1, 1, 1, 1, 1, 1, 1, 1, 1, 1, 1, 1, 1, 3, 1, 2, 3, 2, 3, 1, 2, 2, 3, 2, 3, 3, 2, 1, 3, 0, 2, 3, 3, 3, 1, 2, 0, 1, 0, 2, 2, 2, 2, 2, 2, 3, 2, 3, 3, 0, 3, 1, 2, 1, 2, 3, 3, 1, 2, 3, 2, 3, 0, 1, 2, 2, 1, 2, 2, 2, 2, 2, 1, 2, 1, 1, 3, 0, 3, 3, 0, 2, 3, 3, 2, 0, 1, 2, 3, 3, 0, 2, 2, 2, 2, 2, 2, 2, 2, 2, 2, 2, 2, 2, 2, 2, 2, 2, 2, 2, 2, 2, 2, 2, 3, 0, 1, 2, 1, 3, 0, 2, 2, 0, 3, 3, 2, 2, 2, 2, 2, 2, 2, 2, 2, 2, 2, 2, 2, 2, 2, 2, 2, 2, 2, 2, 0, 1, 3, 1, 1, 2, 2, 2, 1, 2, 2, 2, 2, 2, 2, 2, 2, 2, 2, 2, 2, 2, 2, 2, 2, 2, 2, 2, 2, 2, 2, 0, 1, 0, 2, 2, 2, 3, 1, 0, 2, 2, 1, 0, 1, 1, 2, 2, 2, 2, 2, 2, 2, 2, 2, 2, 2, 2, 2, 2, 2, 2, 2, 2, 2, 2, 0, 0, 1, 2, 3, 1, 3, 3, 3, 1, 0, 1, 3, 2, 2, 2, 2, 1, 0, 1, 3, 0, 3, 3, 2, 1, 3, 3, 3, 0, 2, 3, 1, 3, 3, 2, 2, 0, 1, 3, 3, 1, 2, 3, 3, 2, 1, 1, 0, 0, 1, 0, 1, 0, 1, 3, 1, 2, 0, 1, 1, 1, 3, 2, 2, 2, 2, 2, 2, 2, 2, 2, 2, 2, 2, 2, 2, 2, 2, 2, 2, 2, 2, 0, 0, 2, 1, 0, 1, 3, 2, 2, 2, 0, 3, 1, 0, 2, 3, 1, 1, 2, 2, 0, 2, 1, 3, 1, 2, 0, 1, 3, 1, 3, 1, 2, 1, 1, 2, 3, 3, 3, 0, 1, 3, 3, 0, 1]",0.438,0.287
12,"[1, 0, 1, 0, 2, 3, 2, 2, 2, 0, 2, 3, 1, 2, 0, 3, 2, 1, 3, 3, 0, 1, 3, 3, 2, 2, 3, 3, 2, 3, 0, 0, 1, 1, 2, 3, 0, 3, 2, 2, 2, 0, 3, 2, 2, 2, 3, 0, 1, 0, 3, 3, 3, 2, 1, 3, 1, 2, 0, 1, 1, 2, 0, 0, 1, 2, 3, 1, 2, 1, 3, 3, 2, 3, 2, 2, 1, 2, 2, 2, 2, 1, 3, 1, 2, 2, 1, 3, 2, 3, 3, 2, 1, 2, 1, 2, 0, 3, 1, 2, 3, 0, 3, 1, 0, 2, 1, 3, 2, 3, 2, 1, 3, 2, 2, 3, 3, 2, 3, 3, 1, 2, 3, 1, 1, 3, 3, 1, 1, 0, 2, 0, 1, 1, 1, 1, 1, 1, 1, 1, 1, 1, 1, 1, 1, 1, 1, 1, 1, 1, 1, 1, 1, 1, 3, 1, 3, 3, 0, 0, 3, 0, 0, 1, 3, 1, 1, 3, 3, 0, 0, 1, 3, 0, 3, 0, 1, 3, 2, 0, 3, 2, 0, 1, 1, 2, 0, 1, 2, 0, 2, 1, 3, 3, 1, 0, 2, 1, 2, 0, 3, 2, 2, 1, 3, 1, 1, 1, 0, 3, 1, 2, 0, 3, 3, 1, 1, 3, 1, 1, 1, 1, 3, 2, 2, 1, 2, 3, 3, 3, 0, 3, 0, 3, 2, 1, 2, 3, 3, 1, 1, 1, 2, 2, 3, 1, 0, 1, 1, 2, 2, 0, 3, 1, 1, 1, 1, 1, 1, 1, 1, 1, 1, 1, 1, 1, 1, 1, 1, 1, 1, 1, 1, 3, 1, 2, 3, 2, 3, 1, 2, 2, 3, 2, 3, 3, 2, 1, 3, 0, 2, 3, 3, 3, 1, 2, 0, 1, 0, 2, 2, 2, 2, 2, 2, 3, 2, 3, 3, 0, 3, 1, 2, 1, 2, 3, 3, 1, 2, 3, 2, 3, 0, 1, 2, 2, 1, 2, 2, 2, 2, 2, 1, 2, 1, 1, 3, 0, 3, 3, 0, 2, 3, 3, 2, 0, 1, 2, 3, 3, 0, 2, 2, 2, 2, 2, 2, 2, 2, 2, 2, 2, 2, 2, 2, 2, 2, 2, 2, 2, 2, 2, 2, 2, 3, 0, 1, 2, 1, 3, 0, 2, 2, 0, 3, 3, 2, 2, 2, 2, 2, 2, 2, 2, 2, 2, 2, 2, 2, 2, 2, 2, 2, 2, 2, 2, 0, 1, 3, 1, 1, 2, 2, 2, 1, 2, 2, 2, 2, 2, 2, 2, 2, 2, 2, 2, 2, 2, 2, 2, 2, 2, 2, 2, 2, 2, 2, 0, 1, 0, 2, 2, 2, 3, 1, 0, 2, 2, 1, 0, 1, 1, 2, 2, 2, 2, 2, 2, 2, 2, 2, 2, 2, 2, 2, 2, 2, 2, 2, 2, 2, 2, 0, 0, 1, 2, 3, 1, 3, 3, 3, 1, 0, 1, 3, 2, 2, 2, 2, 1, 0, 1, 3, 0, 3, 3, 2, 1, 3, 3, 3, 0, 2, 3, 1, 3, 3, 2, 2, 0, 1, 3, 3, 1, 2, 3, 3, 2, 1, 1, 0, 0, 1, 0, 1, 0, 1, 3, 1, 2, 0, 1, 1, 1, 3, 2, 2, 2, 2, 2, 2, 2, 2, 2, 2, 2, 2, 2, 2, 2, 2, 2, 2, 2, 2, 0, 0, 2, 1, 0, 1, 3, 2, 2, 2, 0, 3, 1, 0, 2, 3, 1, 1, 2, 2, 0, 2, 1, 3, 1, 2, 0, 1, 3, 1, 3, 1, 2, 1, 1, 2, 3, 3, 3, 0, 1, 3, 3, 0, 1]",0.438,0.307
13,"[1, 0, 1, 0, 2, 3, 2, 2, 2, 0, 2, 3, 1, 2, 0, 3, 2, 1, 3, 3, 0, 1, 3, 3, 2, 2, 3, 3, 2, 3, 0, 0, 1, 1, 2, 3, 0, 3, 2, 2, 2, 0, 3, 2, 2, 2, 3, 0, 1, 0, 3, 3, 3, 2, 1, 3, 1, 2, 0, 1, 1, 2, 0, 0, 1, 2, 3, 1, 2, 1, 3, 3, 2, 3, 2, 2, 1, 2, 2, 2, 2, 1, 3, 1, 2, 2, 1, 3, 2, 3, 3, 2, 1, 2, 1, 2, 0, 3, 1, 2, 3, 0, 3, 1, 0, 2, 1, 3, 2, 3, 2, 1, 3, 2, 2, 3, 3, 2, 3, 3, 1, 2, 3, 1, 1, 3, 3, 1, 1, 0, 2, 0, 1, 1, 1, 1, 1, 1, 1, 1, 1, 1, 1, 1, 1, 1, 1, 1, 1, 1, 1, 1, 1, 1, 3, 1, 3, 3, 0, 0, 3, 0, 0, 1, 3, 1, 1, 3, 3, 0, 0, 1, 3, 0, 3, 0, 1, 3, 2, 0, 3, 2, 0, 1, 1, 2, 0, 1, 2, 0, 2, 1, 3, 3, 1, 0, 2, 1, 2, 0, 3, 2, 2, 1, 3, 1, 1, 1, 0, 3, 1, 2, 0, 3, 3, 1, 1, 3, 1, 1, 1, 1, 3, 2, 2, 1, 2, 3, 3, 3, 0, 3, 0, 3, 2, 1, 2, 3, 3, 1, 1, 1, 2, 2, 3, 1, 0, 1, 1, 2, 2, 0, 3, 1, 1, 1, 1, 1, 1, 1, 1, 1, 1, 1, 1, 1, 1, 1, 1, 1, 1, 1, 1, 3, 1, 2, 3, 2, 3, 1, 2, 2, 3, 2, 3, 3, 2, 1, 3, 0, 2, 3, 3, 3, 1, 2, 0, 1, 0, 2, 2, 2, 2, 2, 2, 3, 2, 3, 3, 0, 3, 1, 2, 1, 2, 3, 3, 1, 2, 3, 2, 3, 0, 1, 2, 2, 1, 2, 2, 2, 2, 2, 1, 2, 1, 1, 3, 0, 3, 3, 0, 2, 3, 3, 2, 0, 1, 2, 3, 3, 0, 2, 2, 2, 2, 2, 2, 2, 2, 2, 2, 2, 2, 2, 2, 2, 2, 2, 2, 2, 2, 2, 2, 2, 3, 0, 1, 2, 1, 3, 0, 2, 2, 0, 3, 3, 2, 2, 2, 2, 2, 2, 2, 2, 2, 2, 2, 2, 2, 2, 2, 2, 2, 2, 2, 2, 0, 1, 3, 1, 1, 2, 2, 2, 1, 2, 2, 2, 2, 2, 2, 2, 2, 2, 2, 2, 2, 2, 2, 2, 2, 2, 2, 2, 2, 2, 2, 0, 1, 0, 2, 2, 2, 3, 1, 0, 2, 2, 1, 0, 1, 1, 2, 2, 2, 2, 2, 2, 2, 2, 2, 2, 2, 2, 2, 2, 2, 2, 2, 2, 2, 2, 0, 0, 1, 2, 3, 1, 3, 3, 3, 1, 0, 1, 3, 2, 2, 2, 2, 1, 0, 1, 3, 0, 3, 3, 2, 1, 3, 3, 3, 0, 2, 3, 1, 3, 3, 2, 2, 0, 1, 3, 3, 1, 2, 3, 3, 2, 1, 1, 0, 0, 1, 0, 1, 0, 1, 3, 1, 2, 0, 1, 1, 1, 3, 2, 2, 2, 2, 2, 2, 2, 2, 2, 2, 2, 2, 2, 2, 2, 2, 2, 2, 2, 2, 0, 0, 2, 1, 0, 1, 3, 2, 2, 2, 0, 3, 1, 0, 2, 3, 1, 1, 2, 2, 0, 2, 1, 3, 1, 2, 0, 1, 3, 1, 3, 1, 2, 1, 1, 2, 3, 3, 3, 0, 1, 3, 3, 0, 1]",0.438,0.313
14,"[1, 0, 1, 0, 2, 3, 2, 2, 2, 0, 2, 3, 1, 2, 0, 3, 2, 1, 3, 3, 0, 1, 3, 3, 2, 2, 3, 3, 2, 3, 0, 0, 1, 1, 2, 3, 0, 3, 2, 2, 2, 0, 3, 2, 2, 2, 3, 0, 1, 0, 3, 3, 3, 2, 1, 3, 1, 2, 0, 1, 1, 2, 0, 0, 1, 2, 3, 1, 2, 1, 3, 3, 2, 3, 2, 2, 1, 2, 2, 2, 2, 1, 3, 1, 2, 2, 1, 3, 2, 3, 3, 2, 1, 2, 1, 2, 0, 3, 1, 2, 3, 0, 3, 1, 0, 2, 1, 3, 2, 3, 2, 1, 3, 2, 2, 3, 3, 2, 3, 3, 1, 2, 3, 1, 1, 3, 3, 1, 1, 0, 2, 0, 1, 1, 1, 1, 1, 1, 1, 1, 1, 1, 1, 1, 1, 1, 1, 1, 1, 1, 1, 1, 1, 1, 3, 1, 3, 3, 0, 0, 3, 0, 0, 1, 3, 1, 1, 3, 3, 0, 0, 1, 3, 0, 3, 0, 1, 3, 2, 0, 3, 2, 0, 1, 1, 2, 0, 1, 2, 0, 2, 1, 3, 3, 1, 0, 2, 1, 2, 0, 3, 2, 2, 1, 3, 1, 1, 1, 0, 3, 1, 2, 0, 3, 3, 1, 1, 3, 1, 1, 1, 1, 3, 2, 2, 1, 2, 3, 3, 3, 0, 3, 0, 3, 2, 1, 2, 3, 3, 1, 1, 1, 2, 2, 3, 1, 0, 1, 1, 2, 2, 0, 3, 1, 1, 1, 1, 1, 1, 1, 1, 1, 1, 1, 1, 1, 1, 1, 1, 1, 1, 1, 1, 3, 1, 2, 3, 2, 2, 2, 2, 2, 2, 2, 2, 2, 2, 2, 2, 2, 2, 2, 2, 2, 2, 2, 2, 2, 0, 2, 3, 2, 0, 2, 2, 0, 3, 3, 1, 3, 1, 3, 0, 1, 1, 3, 2, 2, 2, 2, 2, 2, 2, 2, 2, 2, 2, 2, 2, 2, 2, 2, 2, 2, 2, 2, 2, 0, 1, 2, 0, 2, 1, 0, 2, 0, 1, 2, 1, 3, 1, 3, 0, 2, 3, 3, 1, 3, 3, 2, 2, 3, 2, 0, 1, 3, 3, 0, 3, 2, 1, 3, 2, 2, 1, 2, 3, 2, 2, 2, 2, 2, 2, 2, 2, 2, 2, 2, 2, 2, 2, 2, 2, 2, 2, 2, 2, 0, 3, 0, 0, 2, 2, 2, 2, 2, 2, 2, 2, 2, 2, 2, 2, 2, 2, 2, 2, 2, 2, 2, 2, 3, 2, 2, 2, 2, 2, 2, 2, 2, 2, 2, 2, 2, 2, 2, 2, 2, 3, 3, 1, 0, 2, 3, 0, 2, 2, 0, 0, 2, 3, 2, 2, 1, 3, 2, 1, 1, 1, 0, 1, 3, 1, 3, 1, 0, 0, 3, 2, 2, 0, 1, 2, 2, 2, 2, 2, 2, 2, 2, 2, 2, 2, 2, 2, 2, 2, 2, 2, 2, 2, 2, 3, 3, 2, 2, 0, 2, 0, 0, 2, 2, 2, 2, 2, 2, 2, 2, 2, 2, 2, 2, 2, 2, 2, 2, 2, 2, 2, 2, 2, 0, 1, 0, 2, 2, 0, 0, 1, 0, 2, 0, 2, 1, 1, 1, 3, 3, 3, 3, 0, 1, 1, 0, 3, 2, 0, 3, 3, 3, 2, 1, 1, 2, 3, 3, 0, 2, 2, 2, 2, 2, 2, 2, 2, 2, 2, 2, 2, 2, 2, 2, 2, 2, 2, 2, 2, 0, 1, 1, 1, 1, 1, 1, 1, 1, 1, 1, 1, 1, 1, 1, 1, 0, 0, 3, 0, 1, 3, 0]",0.44,0.335
15,"[1, 0, 1, 0, 2, 3, 2, 2, 2, 0, 2, 3, 1, 2, 0, 3, 2, 1, 3, 3, 0, 1, 3, 3, 2, 2, 3, 3, 2, 3, 0, 0, 1, 1, 2, 3, 0, 3, 2, 2, 2, 0, 3, 2, 2, 2, 3, 0, 1, 0, 3, 3, 3, 2, 1, 3, 1, 2, 0, 1, 1, 2, 0, 0, 1, 2, 3, 1, 2, 1, 3, 3, 2, 3, 2, 2, 1, 2, 2, 2, 2, 1, 3, 1, 2, 2, 1, 3, 2, 3, 3, 2, 1, 2, 1, 2, 0, 3, 1, 2, 3, 0, 3, 1, 0, 2, 1, 3, 2, 3, 2, 1, 3, 2, 2, 3, 3, 2, 3, 3, 1, 2, 3, 1, 1, 3, 3, 1, 1, 0, 2, 0, 1, 1, 1, 1, 1, 1, 1, 1, 1, 1, 1, 1, 1, 1, 1, 1, 1, 1, 1, 1, 1, 1, 3, 1, 3, 3, 0, 0, 3, 0, 0, 1, 3, 1, 1, 3, 3, 0, 0, 1, 3, 0, 3, 0, 1, 3, 2, 0, 3, 2, 0, 1, 1, 2, 0, 1, 2, 0, 2, 1, 3, 3, 1, 0, 2, 1, 2, 0, 3, 2, 2, 1, 3, 1, 1, 1, 0, 3, 1, 2, 0, 3, 3, 1, 1, 3, 1, 1, 1, 1, 3, 2, 2, 1, 2, 3, 3, 3, 0, 3, 0, 3, 2, 1, 2, 3, 3, 1, 1, 1, 2, 2, 3, 1, 0, 1, 1, 2, 2, 0, 3, 1, 1, 1, 1, 1, 1, 1, 1, 1, 1, 1, 1, 1, 1, 1, 1, 1, 1, 1, 1, 3, 1, 2, 3, 2, 2, 2, 2, 2, 2, 2, 2, 2, 2, 2, 2, 2, 2, 2, 2, 2, 2, 2, 2, 2, 0, 2, 3, 2, 0, 2, 2, 0, 3, 3, 1, 3, 1, 3, 0, 1, 1, 3, 2, 2, 2, 2, 2, 2, 2, 2, 2, 2, 2, 2, 2, 2, 2, 2, 2, 2, 2, 2, 2, 0, 1, 2, 0, 2, 1, 0, 2, 0, 1, 2, 1, 3, 1, 3, 0, 2, 3, 3, 1, 3, 3, 2, 2, 3, 2, 0, 1, 3, 3, 0, 3, 2, 1, 3, 2, 2, 1, 2, 3, 2, 2, 2, 2, 2, 2, 2, 2, 2, 2, 2, 2, 2, 2, 2, 2, 2, 2, 2, 2, 0, 3, 0, 0, 2, 2, 2, 2, 2, 2, 2, 2, 2, 2, 2, 2, 2, 2, 2, 2, 2, 2, 2, 2, 3, 2, 2, 2, 2, 2, 2, 2, 2, 2, 2, 2, 2, 2, 2, 2, 2, 3, 3, 1, 0, 2, 3, 0, 2, 2, 0, 0, 2, 3, 2, 2, 1, 3, 2, 1, 1, 1, 0, 1, 3, 1, 3, 1, 0, 0, 3, 2, 2, 0, 1, 2, 2, 2, 2, 2, 2, 2, 2, 2, 2, 2, 2, 2, 2, 2, 2, 2, 2, 2, 2, 3, 3, 2, 2, 0, 2, 0, 0, 2, 2, 2, 2, 2, 2, 2, 2, 2, 2, 2, 2, 2, 2, 2, 2, 2, 2, 2, 2, 2, 0, 1, 0, 2, 2, 0, 0, 1, 0, 2, 0, 2, 1, 1, 1, 3, 3, 3, 3, 0, 1, 1, 0, 3, 2, 0, 3, 3, 3, 2, 1, 1, 2, 3, 3, 0, 2, 2, 2, 2, 2, 2, 2, 2, 2, 2, 2, 2, 2, 2, 2, 2, 2, 2, 2, 2, 0, 1, 1, 1, 1, 1, 1, 1, 1, 1, 1, 1, 1, 1, 1, 1, 0, 0, 3, 0, 1, 3, 0]",0.44,0.337
16,"[1, 0, 1, 0, 2, 3, 2, 2, 2, 0, 2, 3, 1, 2, 0, 3, 2, 1, 3, 3, 0, 1, 3, 3, 2, 2, 3, 3, 2, 3, 0, 0, 1, 1, 2, 3, 0, 3, 2, 2, 2, 0, 3, 2, 2, 2, 3, 0, 1, 0, 3, 3, 3, 2, 1, 3, 1, 2, 0, 1, 1, 2, 0, 0, 1, 2, 3, 1, 2, 1, 3, 3, 2, 3, 2, 2, 1, 2, 2, 2, 2, 1, 3, 1, 2, 2, 1, 3, 2, 3, 3, 2, 1, 2, 1, 2, 0, 3, 1, 2, 3, 0, 3, 1, 0, 2, 1, 3, 2, 3, 2, 1, 3, 2, 2, 3, 3, 2, 3, 3, 1, 2, 3, 1, 1, 3, 3, 1, 1, 0, 2, 0, 1, 1, 1, 1, 1, 1, 1, 1, 1, 1, 1, 1, 1, 1, 1, 1, 1, 1, 1, 1, 1, 0, 3, 1, 3, 3, 0, 0, 3, 0, 0, 1, 3, 1, 1, 3, 3, 0, 0, 1, 3, 0, 3, 0, 1, 3, 2, 0, 3, 2, 0, 1, 1, 2, 0, 1, 2, 0, 2, 1, 3, 3, 1, 0, 2, 1, 2, 0, 3, 2, 2, 1, 3, 1, 1, 1, 0, 3, 1, 2, 0, 3, 3, 1, 1, 3, 1, 1, 1, 1, 3, 2, 2, 1, 2, 3, 3, 3, 0, 3, 0, 3, 2, 1, 2, 3, 3, 1, 1, 1, 2, 2, 3, 1, 0, 1, 1, 2, 2, 0, 3, 1, 1, 1, 1, 1, 1, 1, 1, 1, 1, 1, 1, 1, 1, 1, 1, 1, 1, 1, 1, 3, 1, 2, 3, 2, 3, 1, 2, 2, 3, 2, 3, 3, 2, 1, 3, 0, 2, 3, 3, 3, 1, 2, 0, 1, 0, 2, 2, 2, 2, 2, 2, 3, 2, 3, 3, 0, 3, 1, 2, 1, 2, 3, 3, 1, 2, 3, 2, 3, 0, 1, 2, 2, 1, 2, 2, 2, 2, 2, 1, 2, 1, 1, 3, 0, 3, 3, 0, 2, 3, 3, 2, 0, 1, 2, 3, 3, 0, 2, 2, 2, 2, 2, 2, 2, 2, 2, 2, 2, 2, 2, 2, 2, 2, 2, 2, 2, 2, 2, 2, 2, 2, 2, 2, 2, 2, 3, 0, 2, 2, 0, 3, 3, 2, 2, 2, 2, 2, 2, 2, 2, 2, 2, 2, 2, 2, 2, 2, 2, 2, 2, 2, 2, 0, 1, 3, 1, 1, 2, 2, 2, 1, 2, 2, 2, 2, 2, 2, 2, 2, 2, 2, 2, 2, 2, 2, 2, 2, 2, 2, 2, 2, 2, 2, 0, 1, 0, 2, 2, 2, 3, 1, 0, 2, 2, 1, 0, 1, 1, 2, 2, 2, 2, 2, 2, 2, 2, 2, 2, 2, 2, 2, 2, 2, 2, 2, 2, 2, 2, 0, 0, 1, 2, 3, 1, 3, 3, 3, 1, 0, 1, 3, 2, 2, 2, 2, 1, 0, 1, 3, 0, 3, 3, 2, 1, 3, 3, 3, 0, 2, 3, 1, 3, 3, 2, 2, 0, 1, 1, 1, 1, 1, 1, 1, 1, 1, 1, 1, 1, 1, 1, 1, 1, 1, 1, 1, 1, 1, 0, 1, 1, 3, 2, 2, 2, 2, 2, 2, 2, 2, 2, 2, 2, 2, 2, 2, 2, 2, 2, 1, 1, 1, 1, 1, 1, 1, 1, 1, 1, 1, 1, 1, 1, 1, 1, 1, 1, 1, 1, 0, 2, 2, 0, 2, 1, 3, 1, 2, 0, 1, 3, 1, 3, 1, 2, 1, 1, 2, 3, 3, 3, 0, 1, 3, 3, 0, 1]",0.516,0.35
17,"[1, 0, 1, 0, 2, 3, 2, 2, 2, 0, 2, 3, 1, 2, 0, 3, 2, 1, 3, 3, 0, 1, 3, 3, 2, 2, 3, 3, 2, 3, 0, 0, 1, 1, 2, 3, 0, 3, 2, 2, 2, 0, 3, 2, 2, 2, 3, 0, 1, 0, 3, 3, 3, 2, 1, 3, 1, 2, 0, 1, 1, 2, 0, 0, 1, 2, 3, 1, 2, 1, 3, 3, 2, 3, 2, 2, 1, 2, 2, 2, 2, 1, 3, 1, 2, 2, 1, 3, 2, 3, 3, 2, 1, 2, 1, 2, 0, 3, 1, 2, 3, 0, 3, 1, 0, 2, 1, 3, 2, 3, 2, 1, 3, 2, 2, 3, 3, 2, 3, 3, 1, 2, 3, 1, 1, 3, 3, 1, 1, 0, 2, 0, 1, 1, 1, 1, 1, 1, 1, 1, 1, 1, 1, 1, 1, 1, 1, 1, 1, 1, 1, 1, 1, 0, 3, 1, 3, 3, 0, 0, 3, 0, 0, 1, 3, 1, 1, 3, 3, 0, 0, 1, 3, 0, 3, 0, 1, 3, 2, 0, 3, 2, 0, 1, 1, 2, 0, 1, 2, 0, 2, 1, 3, 3, 1, 0, 2, 1, 2, 0, 3, 2, 2, 1, 3, 1, 1, 1, 0, 3, 1, 2, 0, 3, 3, 1, 1, 3, 1, 1, 1, 1, 3, 2, 2, 1, 2, 3, 3, 3, 0, 3, 0, 3, 2, 1, 2, 3, 3, 1, 1, 1, 2, 2, 3, 1, 0, 1, 1, 2, 2, 0, 3, 1, 1, 1, 1, 1, 1, 1, 1, 1, 1, 1, 1, 1, 1, 1, 1, 1, 1, 1, 1, 3, 1, 2, 3, 2, 3, 1, 2, 2, 3, 2, 3, 3, 2, 1, 3, 0, 2, 3, 3, 3, 1, 2, 0, 1, 0, 2, 2, 2, 2, 2, 2, 3, 2, 3, 3, 0, 3, 1, 2, 1, 2, 3, 3, 1, 2, 3, 2, 3, 0, 1, 2, 2, 1, 2, 2, 2, 2, 2, 1, 2, 1, 1, 3, 0, 3, 3, 0, 2, 3, 3, 2, 0, 1, 2, 3, 3, 0, 2, 2, 2, 2, 2, 2, 2, 2, 2, 2, 2, 2, 2, 2, 2, 2, 2, 2, 2, 2, 2, 2, 2, 2, 2, 2, 2, 2, 3, 0, 2, 2, 0, 3, 3, 2, 2, 2, 2, 2, 2, 2, 2, 2, 2, 2, 2, 2, 2, 2, 2, 2, 2, 2, 2, 0, 1, 3, 1, 1, 2, 2, 2, 1, 2, 2, 2, 2, 2, 2, 2, 2, 2, 2, 2, 2, 2, 2, 2, 2, 2, 2, 2, 2, 2, 2, 0, 1, 0, 2, 2, 2, 3, 1, 0, 2, 2, 1, 0, 1, 1, 2, 2, 2, 2, 2, 2, 2, 2, 2, 2, 2, 2, 2, 2, 2, 2, 2, 2, 2, 2, 0, 0, 1, 2, 3, 1, 3, 3, 3, 1, 0, 1, 3, 2, 2, 2, 2, 1, 0, 1, 3, 0, 3, 3, 2, 1, 3, 3, 3, 0, 2, 3, 1, 3, 3, 2, 2, 0, 1, 1, 1, 1, 1, 1, 1, 1, 1, 1, 1, 1, 1, 1, 1, 1, 1, 1, 1, 1, 1, 0, 1, 1, 3, 2, 2, 2, 2, 2, 2, 2, 2, 2, 2, 2, 2, 2, 2, 2, 2, 2, 1, 1, 1, 1, 1, 1, 1, 1, 1, 1, 1, 1, 1, 1, 1, 1, 1, 1, 1, 1, 0, 2, 2, 0, 2, 1, 3, 1, 2, 0, 1, 3, 1, 3, 1, 2, 1, 1, 2, 3, 3, 3, 0, 1, 3, 3, 0, 1]",0.516,0.343
18,"[1, 0, 1, 0, 2, 3, 2, 2, 2, 0, 2, 3, 1, 2, 0, 3, 2, 1, 3, 3, 0, 1, 3, 3, 2, 2, 3, 3, 2, 3, 0, 0, 1, 1, 2, 3, 0, 3, 2, 2, 2, 0, 3, 2, 2, 2, 3, 0, 1, 0, 3, 3, 3, 2, 1, 3, 1, 2, 0, 1, 1, 2, 0, 0, 1, 2, 3, 1, 2, 1, 3, 3, 2, 3, 2, 2, 1, 2, 2, 2, 2, 1, 3, 1, 2, 2, 1, 3, 2, 3, 3, 2, 1, 2, 1, 2, 0, 3, 1, 2, 3, 0, 3, 1, 0, 2, 1, 3, 2, 3, 2, 1, 3, 2, 2, 3, 3, 2, 3, 3, 1, 2, 3, 1, 1, 3, 3, 1, 1, 0, 2, 0, 1, 1, 1, 1, 1, 1, 1, 1, 1, 1, 1, 1, 1, 1, 1, 1, 1, 1, 1, 1, 1, 0, 3, 1, 3, 3, 0, 0, 3, 0, 0, 1, 3, 1, 1, 3, 3, 0, 0, 1, 3, 0, 3, 0, 1, 3, 2, 0, 3, 2, 0, 1, 1, 2, 0, 1, 2, 0, 2, 1, 3, 3, 1, 0, 2, 1, 2, 0, 3, 2, 2, 1, 3, 1, 1, 1, 0, 3, 1, 2, 0, 3, 3, 1, 1, 3, 1, 1, 1, 1, 3, 2, 2, 1, 2, 3, 3, 3, 0, 3, 0, 3, 2, 1, 2, 3, 3, 1, 1, 1, 2, 2, 3, 1, 0, 1, 1, 2, 2, 0, 3, 1, 1, 1, 1, 1, 1, 1, 1, 1, 1, 1, 1, 1, 1, 1, 1, 1, 1, 1, 1, 3, 1, 2, 3, 2, 3, 1, 2, 2, 3, 2, 3, 3, 2, 1, 3, 0, 2, 3, 3, 3, 1, 2, 0, 1, 0, 2, 2, 2, 2, 2, 2, 3, 2, 3, 3, 0, 3, 1, 2, 1, 2, 3, 3, 1, 2, 3, 2, 3, 0, 1, 2, 2, 1, 2, 2, 2, 2, 2, 1, 2, 1, 1, 3, 0, 3, 3, 0, 2, 3, 3, 2, 0, 1, 2, 3, 3, 0, 2, 2, 2, 2, 2, 2, 2, 2, 2, 2, 2, 2, 2, 2, 2, 2, 2, 2, 2, 2, 2, 2, 2, 2, 2, 2, 2, 2, 3, 0, 2, 2, 0, 3, 3, 2, 2, 2, 2, 2, 2, 2, 2, 2, 2, 2, 2, 2, 2, 2, 2, 2, 2, 2, 2, 0, 1, 3, 1, 1, 2, 2, 2, 1, 2, 2, 2, 2, 2, 2, 2, 2, 2, 2, 2, 2, 2, 2, 2, 2, 2, 2, 2, 2, 2, 2, 0, 1, 0, 2, 2, 2, 3, 1, 0, 2, 2, 1, 0, 1, 1, 2, 2, 2, 2, 2, 2, 2, 2, 2, 2, 2, 2, 2, 2, 2, 2, 2, 2, 2, 2, 0, 0, 1, 2, 3, 1, 3, 3, 3, 1, 0, 1, 3, 2, 2, 2, 2, 1, 0, 1, 3, 0, 3, 3, 2, 1, 3, 3, 3, 0, 2, 3, 1, 3, 3, 2, 2, 0, 1, 1, 1, 1, 1, 1, 1, 1, 1, 1, 1, 1, 1, 1, 1, 1, 1, 1, 1, 1, 1, 0, 1, 1, 3, 2, 2, 2, 2, 2, 2, 2, 2, 2, 2, 2, 2, 2, 2, 2, 2, 2, 1, 1, 1, 1, 1, 1, 1, 1, 1, 1, 1, 1, 1, 1, 1, 1, 1, 1, 1, 1, 0, 2, 2, 0, 2, 1, 3, 1, 2, 0, 1, 3, 1, 3, 1, 2, 1, 1, 2, 3, 3, 3, 0, 1, 3, 3, 0, 1]",0.516,0.333
19,"[1, 0, 1, 0, 2, 3, 2, 2, 2, 0, 2, 3, 1, 2, 0, 3, 2, 1, 3, 3, 0, 1, 3, 3, 2, 2, 3, 3, 2, 3, 0, 0, 1, 1, 2, 3, 0, 3, 2, 2, 2, 0, 3, 2, 2, 2, 3, 0, 1, 0, 3, 3, 3, 2, 1, 3, 1, 2, 0, 1, 1, 2, 0, 0, 1, 2, 3, 1, 2, 1, 3, 3, 2, 3, 2, 2, 1, 2, 2, 2, 2, 1, 3, 1, 2, 2, 1, 3, 2, 3, 3, 2, 1, 2, 1, 2, 0, 3, 1, 2, 3, 0, 3, 1, 0, 2, 1, 3, 2, 3, 2, 1, 3, 2, 2, 3, 3, 2, 3, 3, 1, 2, 3, 1, 1, 3, 3, 1, 1, 0, 2, 0, 1, 1, 1, 1, 1, 1, 1, 1, 1, 1, 1, 1, 1, 1, 1, 1, 1, 1, 1, 1, 1, 1, 3, 1, 3, 3, 0, 0, 3, 0, 0, 1, 3, 1, 1, 3, 3, 0, 0, 1, 3, 0, 3, 0, 1, 3, 2, 0, 3, 2, 0, 1, 1, 2, 0, 1, 2, 0, 2, 1, 3, 3, 1, 0, 2, 1, 2, 0, 3, 2, 2, 1, 3, 1, 1, 1, 0, 3, 1, 2, 0, 3, 3, 1, 1, 3, 1, 1, 1, 1, 3, 2, 2, 1, 2, 3, 3, 3, 0, 3, 0, 3, 2, 1, 2, 3, 3, 1, 1, 1, 2, 2, 3, 1, 0, 1, 1, 2, 2, 0, 3, 1, 1, 1, 1, 1, 1, 1, 1, 1, 1, 1, 1, 1, 1, 1, 1, 1, 1, 1, 1, 3, 1, 2, 3, 2, 3, 1, 2, 2, 3, 2, 3, 3, 2, 1, 3, 0, 2, 3, 3, 3, 1, 2, 0, 1, 0, 2, 2, 2, 2, 2, 2, 3, 2, 3, 3, 0, 3, 1, 2, 1, 2, 3, 3, 1, 2, 3, 2, 3, 0, 1, 2, 2, 1, 2, 2, 2, 2, 2, 1, 2, 1, 1, 3, 0, 3, 3, 0, 2, 3, 3, 2, 0, 1, 2, 3, 3, 0, 2, 2, 2, 2, 2, 2, 2, 2, 2, 2, 2, 2, 2, 2, 2, 2, 2, 2, 2, 2, 2, 2, 2, 3, 0, 1, 2, 1, 3, 0, 2, 2, 0, 3, 3, 2, 2, 2, 2, 2, 2, 2, 2, 2, 2, 2, 2, 2, 2, 2, 2, 2, 2, 2, 2, 0, 1, 3, 1, 1, 2, 2, 2, 1, 2, 2, 2, 2, 2, 2, 2, 2, 2, 2, 2, 2, 2, 2, 2, 2, 2, 2, 2, 2, 2, 2, 0, 1, 0, 2, 2, 2, 3, 1, 0, 2, 2, 1, 0, 1, 1, 2, 2, 2, 2, 2, 2, 2, 2, 2, 2, 2, 2, 2, 2, 2, 2, 2, 2, 2, 2, 0, 0, 1, 2, 3, 1, 3, 3, 3, 1, 0, 1, 3, 2, 2, 2, 2, 1, 0, 1, 3, 0, 3, 3, 2, 2, 2, 2, 2, 2, 2, 2, 2, 2, 2, 2, 2, 2, 2, 2, 2, 2, 2, 2, 2, 0, 1, 1, 0, 0, 1, 0, 1, 0, 1, 3, 1, 2, 0, 1, 1, 1, 3, 2, 2, 2, 2, 2, 2, 2, 2, 2, 2, 2, 2, 2, 2, 2, 2, 2, 2, 2, 2, 0, 0, 2, 1, 0, 1, 3, 2, 2, 2, 0, 3, 1, 0, 2, 3, 1, 1, 2, 2, 0, 2, 1, 3, 1, 2, 0, 1, 3, 1, 3, 1, 2, 1, 1, 2, 3, 3, 3, 0, 1, 3, 3, 0, 1]",0.52,0.361
20,"[1, 0, 1, 0, 2, 3, 2, 2, 2, 0, 2, 3, 1, 2, 0, 3, 2, 1, 3, 3, 0, 1, 3, 3, 2, 2, 3, 3, 2, 3, 0, 0, 1, 1, 2, 3, 0, 3, 2, 2, 2, 0, 3, 2, 2, 2, 3, 0, 1, 0, 3, 3, 3, 2, 1, 3, 1, 2, 0, 1, 1, 2, 0, 0, 1, 2, 3, 1, 2, 1, 3, 3, 2, 3, 2, 2, 1, 2, 2, 2, 2, 1, 3, 1, 2, 2, 1, 3, 2, 3, 3, 2, 1, 2, 1, 2, 0, 3, 1, 2, 3, 0, 3, 1, 0, 2, 1, 3, 2, 3, 2, 1, 3, 2, 2, 3, 3, 2, 3, 3, 1, 2, 3, 1, 1, 3, 3, 1, 1, 0, 2, 0, 1, 1, 1, 1, 1, 1, 1, 1, 1, 1, 1, 1, 1, 1, 1, 1, 1, 1, 1, 1, 1, 1, 3, 1, 3, 3, 0, 0, 3, 0, 0, 1, 3, 1, 1, 3, 3, 0, 0, 1, 3, 0, 3, 0, 1, 3, 2, 0, 3, 2, 0, 1, 1, 2, 0, 1, 2, 0, 2, 1, 3, 3, 1, 0, 2, 1, 2, 0, 3, 2, 2, 1, 3, 1, 1, 1, 0, 3, 1, 2, 0, 3, 3, 1, 1, 3, 1, 1, 1, 1, 3, 2, 2, 1, 2, 3, 3, 3, 0, 3, 0, 3, 2, 1, 2, 3, 3, 1, 1, 1, 2, 2, 3, 1, 0, 1, 1, 2, 2, 0, 3, 1, 1, 1, 1, 1, 1, 1, 1, 1, 1, 1, 1, 1, 1, 1, 1, 1, 1, 1, 1, 3, 1, 2, 3, 2, 3, 1, 2, 2, 3, 2, 3, 3, 2, 1, 3, 0, 2, 3, 3, 3, 1, 2, 0, 1, 0, 2, 2, 2, 2, 2, 2, 3, 2, 3, 3, 0, 3, 1, 2, 1, 2, 3, 3, 1, 2, 3, 2, 3, 0, 1, 2, 2, 1, 2, 2, 2, 2, 2, 1, 2, 1, 1, 3, 0, 3, 3, 0, 2, 3, 3, 2, 0, 1, 2, 3, 3, 0, 2, 2, 2, 2, 2, 2, 2, 2, 2, 2, 2, 2, 2, 2, 2, 2, 2, 2, 2, 2, 2, 2, 2, 3, 0, 1, 2, 1, 3, 0, 2, 2, 0, 3, 3, 2, 2, 2, 2, 2, 2, 2, 2, 2, 2, 2, 2, 2, 2, 2, 2, 2, 2, 2, 2, 0, 1, 3, 1, 1, 2, 2, 2, 1, 2, 2, 2, 2, 2, 2, 2, 2, 2, 2, 2, 2, 2, 2, 2, 2, 2, 2, 2, 2, 2, 2, 0, 1, 0, 2, 2, 2, 3, 1, 0, 2, 2, 1, 0, 1, 1, 2, 2, 2, 2, 2, 2, 2, 2, 2, 2, 2, 2, 2, 2, 2, 2, 2, 2, 2, 2, 0, 0, 1, 2, 3, 1, 3, 3, 3, 1, 0, 1, 3, 2, 2, 2, 2, 1, 0, 1, 3, 0, 3, 3, 2, 2, 2, 2, 2, 2, 2, 2, 2, 2, 2, 2, 2, 2, 2, 2, 2, 2, 2, 2, 2, 0, 1, 1, 0, 0, 1, 0, 1, 0, 1, 3, 1, 2, 0, 1, 1, 1, 3, 2, 2, 2, 2, 2, 2, 2, 2, 2, 2, 2, 2, 2, 2, 2, 2, 2, 2, 2, 2, 0, 0, 2, 1, 0, 1, 3, 2, 2, 2, 0, 3, 1, 0, 2, 3, 1, 1, 2, 2, 0, 2, 1, 3, 1, 2, 0, 1, 3, 1, 3, 1, 2, 1, 1, 2, 3, 3, 3, 0, 1, 3, 3, 0, 1]",0.52,0.357
21,"[1, 0, 1, 0, 2, 3, 2, 2, 2, 0, 2, 3, 1, 2, 0, 3, 2, 1, 3, 3, 0, 1, 3, 3, 2, 2, 3, 3, 2, 3, 0, 0, 1, 1, 2, 3, 0, 3, 2, 2, 2, 0, 3, 2, 2, 2, 3, 0, 1, 0, 3, 3, 3, 2, 1, 3, 1, 2, 0, 1, 1, 2, 0, 0, 1, 2, 3, 1, 2, 1, 3, 3, 2, 3, 2, 2, 1, 2, 2, 2, 2, 1, 3, 1, 2, 2, 1, 3, 2, 3, 3, 2, 1, 2, 1, 2, 0, 3, 1, 2, 3, 0, 3, 1, 0, 2, 1, 3, 2, 3, 2, 1, 3, 2, 2, 3, 3, 2, 3, 3, 1, 2, 3, 1, 1, 3, 3, 1, 1, 0, 2, 0, 1, 1, 1, 1, 1, 1, 1, 1, 1, 1, 1, 1, 1, 1, 1, 1, 1, 1, 1, 1, 1, 1, 3, 1, 3, 3, 0, 0, 3, 0, 0, 1, 3, 1, 1, 3, 3, 0, 0, 1, 3, 0, 3, 0, 1, 3, 2, 0, 3, 2, 0, 1, 1, 2, 0, 1, 2, 0, 2, 1, 3, 3, 1, 0, 2, 1, 2, 0, 3, 2, 2, 1, 3, 1, 1, 1, 0, 3, 1, 2, 0, 3, 3, 1, 1, 3, 1, 1, 1, 1, 3, 2, 2, 1, 2, 3, 3, 3, 0, 3, 0, 3, 2, 1, 2, 3, 3, 1, 1, 1, 2, 2, 3, 1, 0, 1, 1, 2, 2, 0, 3, 1, 1, 1, 1, 1, 1, 1, 1, 1, 1, 1, 1, 1, 1, 1, 1, 1, 1, 1, 1, 3, 1, 2, 3, 2, 3, 1, 2, 2, 3, 2, 3, 3, 2, 1, 3, 0, 2, 3, 3, 3, 1, 2, 0, 1, 0, 2, 2, 2, 2, 2, 2, 3, 2, 3, 3, 0, 3, 1, 2, 1, 2, 3, 3, 1, 2, 3, 2, 3, 0, 1, 2, 2, 1, 2, 2, 2, 2, 2, 1, 2, 1, 1, 3, 0, 3, 3, 0, 2, 3, 3, 2, 0, 1, 2, 3, 3, 0, 2, 2, 2, 2, 2, 2, 2, 2, 2, 2, 2, 2, 2, 2, 2, 2, 2, 2, 2, 2, 2, 2, 2, 3, 0, 1, 2, 1, 3, 0, 2, 2, 0, 3, 3, 2, 2, 2, 2, 2, 2, 2, 2, 2, 2, 2, 2, 2, 2, 2, 2, 2, 2, 2, 2, 0, 1, 3, 1, 1, 2, 2, 2, 1, 2, 2, 2, 2, 2, 2, 2, 2, 2, 2, 2, 2, 2, 2, 2, 2, 2, 2, 2, 2, 2, 2, 0, 1, 0, 2, 2, 2, 3, 1, 0, 2, 2, 1, 0, 1, 1, 2, 2, 2, 2, 2, 2, 2, 2, 2, 2, 2, 2, 2, 2, 2, 2, 2, 2, 2, 2, 0, 0, 1, 2, 3, 1, 3, 3, 3, 1, 0, 1, 3, 2, 2, 2, 2, 1, 0, 1, 3, 0, 3, 3, 2, 2, 2, 2, 2, 2, 2, 2, 2, 2, 2, 2, 2, 2, 2, 2, 2, 2, 2, 2, 2, 0, 1, 1, 0, 0, 1, 0, 1, 0, 1, 3, 1, 2, 0, 1, 1, 1, 3, 2, 2, 2, 2, 2, 2, 2, 2, 2, 2, 2, 2, 2, 2, 2, 2, 2, 2, 2, 2, 0, 0, 2, 1, 0, 1, 3, 2, 2, 2, 0, 3, 1, 0, 2, 3, 1, 1, 2, 2, 0, 2, 1, 3, 1, 2, 0, 1, 3, 1, 3, 1, 2, 1, 1, 2, 3, 3, 3, 0, 1, 3, 3, 0, 1]",0.52,0.354
22,"[1, 0, 1, 0, 2, 3, 2, 2, 2, 0, 2, 3, 1, 2, 0, 3, 2, 1, 3, 3, 0, 1, 3, 3, 2, 2, 3, 3, 2, 3, 0, 0, 1, 1, 2, 3, 0, 3, 2, 2, 2, 0, 3, 2, 2, 2, 3, 0, 1, 0, 3, 3, 3, 2, 1, 3, 1, 2, 0, 1, 1, 2, 0, 0, 1, 2, 3, 1, 2, 1, 3, 3, 2, 3, 2, 2, 1, 2, 2, 2, 2, 1, 3, 1, 2, 2, 1, 3, 2, 3, 3, 2, 1, 2, 1, 2, 0, 3, 1, 2, 3, 0, 3, 1, 0, 2, 1, 3, 2, 3, 2, 1, 3, 2, 2, 3, 3, 2, 3, 3, 1, 2, 3, 1, 1, 3, 3, 1, 1, 0, 2, 0, 1, 1, 1, 1, 1, 1, 1, 1, 1, 1, 1, 1, 1, 1, 1, 1, 1, 1, 1, 1, 1, 1, 3, 1, 3, 3, 0, 0, 3, 0, 0, 1, 3, 1, 1, 3, 3, 0, 0, 1, 3, 0, 3, 0, 1, 3, 2, 0, 3, 2, 0, 1, 1, 2, 0, 1, 2, 0, 2, 1, 3, 3, 1, 0, 2, 1, 2, 0, 3, 2, 2, 1, 3, 1, 1, 1, 0, 3, 1, 2, 0, 3, 3, 1, 1, 3, 1, 1, 1, 1, 3, 2, 2, 1, 2, 3, 3, 3, 0, 3, 0, 3, 2, 1, 2, 3, 3, 1, 1, 1, 2, 2, 3, 1, 0, 1, 1, 2, 2, 0, 3, 1, 1, 1, 1, 1, 1, 1, 1, 1, 1, 1, 1, 1, 1, 1, 1, 1, 1, 1, 1, 3, 1, 2, 3, 2, 3, 1, 2, 2, 3, 2, 3, 3, 2, 1, 3, 0, 2, 3, 3, 3, 1, 2, 0, 1, 0, 2, 2, 2, 2, 2, 2, 3, 2, 3, 3, 0, 3, 1, 2, 1, 2, 3, 3, 1, 2, 3, 2, 3, 0, 1, 2, 2, 1, 2, 2, 2, 2, 2, 1, 2, 1, 1, 3, 0, 3, 3, 0, 2, 3, 3, 2, 0, 1, 2, 3, 3, 0, 2, 2, 2, 2, 2, 2, 2, 2, 2, 2, 2, 2, 2, 2, 2, 2, 2, 2, 2, 2, 2, 2, 2, 3, 0, 1, 2, 1, 3, 0, 2, 2, 0, 3, 3, 2, 2, 2, 2, 2, 2, 2, 2, 2, 2, 2, 2, 2, 2, 2, 2, 2, 2, 2, 2, 0, 1, 3, 1, 1, 2, 2, 2, 1, 2, 2, 2, 2, 2, 2, 2, 2, 2, 2, 2, 2, 2, 2, 2, 2, 2, 2, 2, 2, 2, 2, 0, 1, 0, 2, 2, 2, 3, 1, 0, 2, 2, 1, 0, 1, 1, 2, 2, 2, 2, 2, 2, 2, 2, 2, 2, 2, 2, 2, 2, 2, 2, 2, 2, 2, 2, 0, 0, 1, 2, 3, 1, 3, 3, 3, 1, 0, 1, 3, 2, 2, 2, 2, 1, 0, 1, 3, 0, 3, 3, 2, 2, 2, 2, 2, 2, 2, 2, 2, 2, 2, 2, 2, 2, 2, 2, 2, 2, 2, 2, 2, 0, 1, 1, 0, 0, 1, 0, 1, 0, 1, 3, 1, 2, 0, 1, 1, 1, 3, 2, 2, 2, 2, 2, 2, 2, 2, 2, 2, 2, 2, 2, 2, 2, 2, 2, 2, 2, 2, 0, 0, 2, 1, 0, 1, 3, 2, 2, 2, 0, 3, 1, 0, 2, 3, 1, 1, 2, 2, 0, 2, 1, 3, 1, 2, 0, 1, 3, 1, 3, 1, 2, 1, 1, 2, 3, 3, 3, 0, 1, 3, 3, 0, 1]",0.52,0.364
23,"[1, 0, 1, 0, 2, 3, 2, 2, 2, 0, 2, 3, 1, 2, 0, 3, 2, 1, 3, 3, 0, 1, 3, 3, 2, 2, 3, 3, 2, 3, 0, 0, 1, 1, 2, 3, 0, 3, 2, 2, 2, 0, 3, 2, 2, 2, 3, 0, 1, 0, 3, 3, 3, 2, 1, 3, 1, 2, 0, 1, 1, 2, 0, 0, 1, 2, 3, 1, 2, 1, 3, 3, 2, 3, 2, 2, 1, 2, 2, 2, 2, 1, 3, 1, 2, 2, 1, 3, 2, 3, 3, 2, 1, 2, 1, 2, 0, 3, 1, 2, 3, 0, 3, 1, 0, 2, 1, 3, 2, 3, 2, 1, 3, 2, 2, 3, 3, 2, 3, 3, 1, 2, 3, 1, 1, 3, 3, 1, 1, 0, 2, 0, 1, 1, 1, 1, 1, 1, 1, 1, 1, 1, 1, 1, 1, 1, 1, 1, 1, 1, 1, 1, 1, 1, 3, 1, 3, 3, 0, 0, 3, 0, 0, 1, 3, 1, 1, 3, 3, 0, 0, 1, 3, 0, 3, 0, 1, 3, 2, 0, 3, 2, 0, 1, 1, 2, 0, 1, 2, 0, 2, 1, 3, 3, 1, 0, 2, 1, 2, 0, 3, 2, 2, 1, 3, 1, 1, 1, 0, 3, 1, 2, 0, 3, 3, 1, 1, 3, 1, 1, 1, 1, 3, 2, 2, 1, 2, 3, 3, 3, 0, 3, 0, 3, 2, 1, 2, 3, 3, 1, 1, 1, 2, 2, 3, 1, 0, 1, 1, 2, 2, 0, 3, 1, 1, 1, 1, 1, 1, 1, 1, 1, 1, 1, 1, 1, 1, 1, 1, 1, 1, 1, 1, 3, 1, 2, 3, 2, 3, 1, 2, 2, 3, 2, 3, 3, 2, 1, 3, 0, 2, 3, 3, 3, 1, 2, 0, 1, 0, 2, 2, 2, 2, 2, 2, 3, 2, 3, 3, 0, 3, 1, 2, 1, 2, 3, 3, 1, 2, 3, 2, 3, 0, 1, 2, 2, 1, 2, 2, 2, 2, 2, 1, 2, 1, 1, 3, 0, 3, 3, 0, 2, 3, 3, 2, 0, 1, 2, 3, 3, 0, 2, 2, 2, 2, 2, 2, 2, 2, 2, 2, 2, 2, 2, 2, 2, 2, 2, 2, 2, 2, 2, 2, 2, 3, 0, 1, 2, 1, 3, 0, 2, 2, 0, 3, 3, 2, 2, 2, 2, 2, 2, 2, 2, 2, 2, 2, 2, 2, 2, 2, 2, 2, 2, 2, 2, 0, 1, 3, 1, 1, 2, 2, 2, 1, 2, 2, 2, 2, 2, 2, 2, 2, 2, 2, 2, 2, 2, 2, 2, 2, 2, 2, 2, 2, 2, 2, 0, 1, 0, 2, 2, 2, 3, 1, 0, 2, 2, 1, 0, 1, 1, 2, 2, 2, 2, 2, 2, 2, 2, 2, 2, 2, 2, 2, 2, 2, 2, 2, 2, 2, 2, 0, 0, 1, 2, 3, 1, 3, 3, 3, 1, 0, 1, 3, 2, 2, 2, 2, 1, 0, 1, 3, 0, 3, 3, 2, 2, 2, 2, 2, 2, 2, 2, 2, 2, 2, 2, 2, 2, 2, 2, 2, 2, 2, 2, 2, 0, 1, 1, 0, 0, 1, 0, 1, 0, 1, 3, 1, 2, 0, 1, 1, 1, 3, 2, 2, 2, 2, 2, 2, 2, 2, 2, 2, 2, 2, 2, 2, 2, 2, 2, 2, 2, 2, 0, 0, 2, 1, 0, 1, 3, 2, 2, 2, 0, 3, 1, 0, 2, 3, 1, 1, 2, 2, 0, 2, 1, 3, 1, 2, 0, 1, 3, 1, 3, 1, 2, 1, 1, 2, 3, 3, 3, 0, 1, 3, 3, 0, 1]",0.52,0.367
24,"[1, 0, 1, 0, 2, 3, 2, 2, 2, 0, 2, 3, 1, 2, 0, 3, 2, 1, 3, 3, 0, 1, 3, 3, 2, 2, 3, 3, 2, 3, 0, 0, 1, 1, 2, 3, 0, 3, 2, 2, 2, 0, 3, 2, 2, 2, 3, 0, 1, 0, 3, 3, 3, 2, 1, 3, 1, 2, 0, 1, 1, 2, 0, 0, 1, 2, 3, 1, 2, 1, 3, 3, 2, 3, 2, 2, 1, 2, 2, 2, 2, 1, 3, 1, 2, 2, 1, 3, 2, 3, 3, 2, 1, 2, 1, 2, 0, 3, 1, 2, 3, 0, 3, 1, 0, 2, 1, 3, 2, 3, 2, 1, 3, 2, 2, 3, 3, 2, 3, 3, 1, 2, 3, 1, 1, 3, 3, 1, 1, 0, 2, 0, 1, 1, 1, 1, 1, 1, 1, 1, 1, 1, 1, 1, 1, 1, 1, 1, 1, 1, 1, 1, 1, 1, 3, 1, 3, 3, 0, 0, 3, 0, 0, 1, 3, 1, 1, 3, 3, 0, 0, 1, 3, 0, 3, 0, 1, 3, 2, 0, 3, 2, 0, 1, 1, 2, 0, 1, 2, 0, 2, 1, 3, 3, 1, 0, 2, 1, 2, 0, 3, 2, 2, 1, 3, 1, 1, 1, 0, 3, 1, 2, 0, 3, 3, 1, 1, 3, 1, 1, 1, 1, 3, 2, 2, 1, 2, 3, 3, 3, 0, 3, 0, 3, 2, 1, 2, 3, 3, 1, 1, 1, 2, 2, 3, 1, 0, 1, 1, 2, 2, 0, 3, 1, 1, 1, 1, 1, 1, 1, 1, 1, 1, 1, 1, 1, 1, 1, 1, 1, 1, 1, 1, 3, 1, 2, 3, 2, 3, 1, 2, 2, 3, 2, 3, 3, 2, 1, 3, 0, 2, 3, 3, 3, 1, 2, 0, 1, 0, 2, 2, 2, 2, 2, 2, 3, 2, 3, 3, 0, 3, 1, 2, 1, 2, 3, 3, 1, 2, 3, 2, 3, 0, 1, 2, 2, 1, 2, 2, 2, 2, 2, 1, 2, 1, 1, 3, 0, 3, 3, 0, 2, 3, 3, 2, 0, 1, 2, 3, 3, 0, 2, 2, 2, 2, 2, 2, 2, 2, 2, 2, 2, 2, 2, 2, 2, 2, 2, 2, 2, 2, 2, 2, 2, 3, 0, 1, 2, 1, 3, 0, 2, 2, 0, 3, 3, 2, 2, 2, 2, 2, 2, 2, 2, 2, 2, 2, 2, 2, 2, 2, 2, 2, 2, 2, 2, 0, 1, 3, 1, 1, 2, 2, 2, 1, 2, 2, 2, 2, 2, 2, 2, 2, 2, 2, 2, 2, 2, 2, 2, 2, 2, 2, 2, 2, 2, 2, 0, 1, 0, 2, 2, 2, 3, 1, 0, 2, 2, 1, 0, 1, 1, 2, 2, 2, 2, 2, 2, 2, 2, 2, 2, 2, 2, 2, 2, 2, 2, 2, 2, 2, 2, 0, 0, 1, 2, 3, 1, 3, 3, 3, 1, 0, 1, 3, 2, 2, 2, 2, 1, 0, 1, 3, 0, 3, 3, 2, 2, 2, 2, 2, 2, 2, 2, 2, 2, 2, 2, 2, 2, 2, 2, 2, 2, 2, 2, 2, 0, 1, 1, 0, 0, 1, 0, 1, 0, 1, 3, 1, 2, 0, 1, 1, 1, 3, 2, 2, 2, 2, 2, 2, 2, 2, 2, 2, 2, 2, 2, 2, 2, 2, 2, 2, 2, 2, 0, 0, 2, 1, 0, 1, 3, 2, 2, 2, 0, 3, 1, 0, 2, 3, 1, 1, 2, 2, 0, 2, 1, 3, 1, 2, 0, 1, 3, 1, 3, 1, 2, 1, 1, 2, 3, 3, 3, 0, 1, 3, 3, 0, 1]",0.52,0.372
25,"[1, 0, 1, 0, 2, 3, 2, 2, 2, 0, 2, 3, 1, 2, 0, 3, 2, 1, 3, 3, 0, 1, 3, 3, 2, 2, 3, 3, 2, 3, 0, 0, 1, 1, 2, 3, 0, 3, 2, 2, 2, 0, 3, 2, 2, 2, 3, 0, 1, 0, 3, 3, 3, 2, 1, 3, 1, 2, 0, 1, 1, 2, 0, 0, 1, 2, 3, 1, 2, 1, 3, 3, 2, 3, 2, 2, 1, 2, 2, 2, 2, 1, 3, 1, 2, 2, 1, 3, 2, 3, 3, 2, 1, 2, 1, 2, 0, 3, 1, 2, 3, 0, 3, 1, 0, 2, 1, 3, 2, 3, 2, 1, 3, 2, 2, 3, 3, 2, 3, 3, 1, 2, 3, 1, 1, 3, 3, 1, 1, 0, 2, 0, 1, 1, 1, 1, 1, 1, 1, 1, 1, 1, 1, 1, 1, 1, 1, 1, 1, 1, 1, 1, 1, 1, 3, 1, 3, 3, 0, 0, 3, 0, 0, 1, 3, 1, 1, 3, 3, 0, 0, 1, 3, 0, 3, 0, 1, 3, 2, 0, 3, 2, 0, 1, 1, 2, 0, 1, 2, 0, 2, 1, 3, 3, 1, 0, 2, 1, 2, 0, 3, 2, 2, 1, 3, 1, 1, 1, 0, 3, 1, 2, 0, 3, 3, 1, 1, 3, 1, 1, 1, 1, 3, 2, 2, 1, 2, 3, 3, 3, 0, 3, 0, 3, 2, 1, 2, 3, 3, 1, 1, 1, 2, 2, 3, 1, 0, 1, 1, 2, 2, 0, 3, 1, 1, 1, 1, 1, 1, 1, 1, 1, 1, 1, 1, 1, 1, 1, 1, 1, 1, 1, 1, 3, 1, 2, 3, 2, 3, 1, 2, 2, 3, 2, 3, 3, 2, 1, 3, 0, 2, 3, 3, 3, 1, 2, 0, 1, 0, 2, 2, 2, 2, 2, 2, 3, 2, 3, 3, 0, 3, 1, 2, 1, 2, 3, 3, 1, 2, 3, 2, 3, 0, 1, 2, 2, 1, 2, 2, 2, 2, 2, 1, 2, 1, 1, 3, 0, 3, 3, 0, 2, 3, 3, 2, 0, 1, 2, 3, 3, 0, 2, 2, 2, 2, 2, 2, 2, 2, 2, 2, 2, 2, 2, 2, 2, 2, 2, 2, 2, 2, 2, 2, 2, 3, 0, 1, 2, 1, 3, 0, 2, 2, 0, 3, 3, 2, 2, 2, 2, 2, 2, 2, 2, 2, 2, 2, 2, 2, 2, 2, 2, 2, 2, 2, 2, 0, 1, 3, 1, 1, 2, 2, 2, 1, 2, 2, 2, 2, 2, 2, 2, 2, 2, 2, 2, 2, 2, 2, 2, 2, 2, 2, 2, 2, 2, 2, 0, 1, 0, 2, 2, 2, 3, 1, 0, 2, 2, 1, 0, 1, 1, 2, 2, 2, 2, 2, 2, 2, 2, 2, 2, 2, 2, 2, 2, 2, 2, 2, 2, 2, 2, 0, 0, 1, 2, 3, 1, 3, 3, 3, 1, 0, 1, 3, 2, 2, 2, 2, 1, 0, 1, 3, 0, 3, 3, 2, 2, 2, 2, 2, 2, 2, 2, 2, 2, 2, 2, 2, 2, 2, 2, 2, 2, 2, 2, 2, 0, 1, 1, 0, 0, 1, 0, 1, 0, 1, 3, 1, 2, 0, 1, 1, 1, 3, 2, 2, 2, 2, 2, 2, 2, 2, 2, 2, 2, 2, 2, 2, 2, 2, 2, 2, 2, 2, 0, 0, 2, 1, 0, 1, 3, 2, 2, 2, 0, 3, 1, 0, 2, 3, 1, 1, 2, 2, 0, 2, 1, 3, 1, 2, 0, 1, 3, 1, 3, 1, 2, 1, 1, 2, 3, 3, 3, 0, 1, 3, 3, 0, 1]",0.52,0.384
26,"[1, 0, 1, 0, 2, 3, 2, 2, 2, 0, 2, 3, 1, 2, 0, 3, 2, 1, 3, 3, 0, 1, 3, 3, 2, 2, 3, 3, 2, 3, 0, 0, 1, 1, 2, 3, 0, 3, 2, 2, 2, 0, 3, 2, 2, 2, 3, 0, 1, 0, 3, 3, 3, 2, 1, 3, 1, 2, 0, 1, 1, 2, 0, 0, 1, 2, 3, 1, 2, 1, 3, 3, 2, 3, 2, 2, 1, 2, 2, 2, 2, 1, 3, 1, 2, 2, 1, 3, 2, 3, 3, 2, 1, 2, 1, 2, 0, 3, 1, 2, 3, 0, 3, 1, 0, 2, 1, 3, 2, 3, 2, 1, 3, 2, 2, 3, 3, 2, 3, 3, 1, 2, 3, 1, 1, 3, 3, 1, 1, 0, 2, 0, 1, 1, 1, 1, 1, 1, 1, 1, 1, 1, 1, 1, 1, 1, 1, 1, 1, 1, 1, 1, 1, 1, 3, 1, 3, 3, 0, 0, 3, 0, 0, 1, 3, 1, 1, 3, 3, 0, 0, 1, 3, 0, 3, 0, 1, 3, 2, 0, 3, 2, 0, 1, 1, 2, 0, 1, 2, 0, 2, 1, 3, 3, 1, 0, 2, 1, 2, 0, 3, 2, 2, 1, 3, 1, 1, 1, 0, 3, 1, 2, 0, 3, 3, 1, 1, 3, 1, 1, 1, 1, 3, 2, 2, 1, 2, 3, 3, 3, 0, 3, 0, 3, 2, 1, 2, 3, 3, 1, 1, 1, 2, 2, 3, 1, 0, 1, 1, 2, 2, 0, 3, 1, 1, 1, 1, 1, 1, 1, 1, 1, 1, 1, 1, 1, 1, 1, 1, 1, 1, 1, 1, 3, 1, 2, 3, 2, 3, 1, 2, 2, 3, 2, 3, 3, 2, 1, 3, 0, 2, 3, 3, 3, 1, 2, 0, 1, 0, 2, 2, 2, 2, 2, 2, 3, 2, 3, 3, 0, 3, 1, 2, 1, 2, 3, 3, 1, 2, 3, 2, 3, 0, 1, 2, 2, 1, 2, 2, 2, 2, 2, 1, 2, 1, 1, 3, 0, 3, 3, 0, 2, 3, 3, 2, 0, 1, 2, 3, 3, 0, 2, 2, 2, 2, 2, 2, 2, 2, 2, 2, 2, 2, 2, 2, 2, 2, 2, 2, 2, 2, 2, 2, 2, 3, 0, 1, 2, 1, 3, 0, 2, 2, 0, 3, 3, 2, 2, 2, 2, 2, 2, 2, 2, 2, 2, 2, 2, 2, 2, 2, 2, 2, 2, 2, 2, 0, 1, 3, 1, 1, 2, 2, 2, 1, 2, 2, 2, 2, 2, 2, 2, 2, 2, 2, 2, 2, 2, 2, 2, 2, 2, 2, 2, 2, 2, 2, 0, 1, 0, 2, 2, 2, 3, 1, 0, 2, 2, 1, 0, 1, 1, 2, 2, 2, 2, 2, 2, 2, 2, 2, 2, 2, 2, 2, 2, 2, 2, 2, 2, 2, 2, 0, 0, 1, 2, 3, 1, 3, 3, 3, 1, 0, 1, 3, 2, 2, 2, 2, 1, 0, 1, 3, 0, 3, 3, 2, 2, 2, 2, 2, 2, 2, 2, 2, 2, 2, 2, 2, 2, 2, 2, 2, 2, 2, 2, 2, 0, 1, 1, 0, 0, 1, 0, 1, 0, 1, 3, 1, 2, 0, 1, 1, 1, 3, 2, 2, 2, 2, 2, 2, 2, 2, 2, 2, 2, 2, 2, 2, 2, 2, 2, 2, 2, 2, 0, 0, 2, 1, 0, 1, 3, 2, 2, 2, 0, 3, 1, 0, 2, 3, 1, 1, 2, 2, 0, 2, 1, 3, 1, 2, 0, 1, 3, 1, 3, 1, 2, 1, 1, 2, 3, 3, 3, 0, 1, 3, 3, 0, 1]",0.52,0.37
27,"[1, 0, 1, 0, 2, 3, 2, 2, 2, 0, 2, 3, 1, 2, 0, 3, 2, 1, 3, 3, 0, 1, 3, 3, 2, 2, 3, 3, 2, 3, 0, 0, 1, 1, 2, 3, 0, 3, 2, 2, 2, 0, 3, 2, 2, 2, 3, 0, 1, 0, 3, 3, 3, 2, 1, 3, 1, 2, 0, 1, 1, 2, 0, 0, 1, 2, 3, 1, 2, 1, 3, 3, 2, 3, 2, 2, 1, 2, 2, 2, 2, 1, 3, 1, 2, 2, 1, 3, 2, 3, 3, 2, 1, 2, 1, 2, 0, 3, 1, 2, 3, 0, 3, 1, 0, 2, 1, 3, 2, 3, 2, 1, 3, 2, 2, 3, 3, 2, 3, 3, 1, 2, 3, 1, 1, 3, 3, 1, 1, 0, 2, 0, 1, 1, 1, 1, 1, 1, 1, 1, 1, 1, 1, 1, 1, 1, 1, 1, 1, 1, 1, 1, 1, 1, 3, 1, 3, 3, 0, 0, 3, 0, 0, 1, 3, 1, 1, 3, 3, 0, 0, 1, 3, 0, 3, 0, 1, 3, 2, 0, 3, 2, 0, 1, 1, 2, 0, 1, 2, 0, 2, 1, 3, 3, 1, 0, 2, 1, 2, 0, 3, 2, 2, 1, 3, 1, 1, 1, 0, 3, 1, 2, 0, 3, 3, 1, 1, 3, 1, 1, 1, 1, 3, 2, 2, 1, 2, 3, 3, 3, 0, 3, 0, 3, 2, 1, 2, 3, 3, 1, 1, 1, 2, 2, 3, 1, 0, 1, 1, 2, 2, 0, 3, 1, 1, 1, 1, 1, 1, 1, 1, 1, 1, 1, 1, 1, 1, 1, 1, 1, 1, 1, 1, 3, 1, 2, 3, 2, 3, 1, 2, 2, 3, 2, 3, 3, 2, 1, 3, 0, 2, 3, 3, 3, 1, 2, 0, 1, 0, 2, 2, 2, 2, 2, 2, 3, 2, 3, 3, 0, 3, 1, 2, 1, 2, 3, 3, 1, 2, 3, 2, 3, 0, 1, 2, 2, 1, 2, 2, 2, 2, 2, 1, 2, 1, 1, 3, 0, 3, 3, 0, 2, 3, 3, 2, 0, 1, 2, 3, 3, 0, 2, 2, 2, 2, 2, 2, 2, 2, 2, 2, 2, 2, 2, 2, 2, 2, 2, 2, 2, 2, 2, 2, 2, 3, 0, 1, 2, 1, 3, 0, 2, 2, 0, 3, 3, 2, 2, 2, 2, 2, 2, 2, 2, 2, 2, 2, 2, 2, 2, 2, 2, 2, 2, 2, 2, 0, 1, 3, 1, 1, 2, 2, 2, 1, 2, 2, 2, 2, 2, 2, 2, 2, 2, 2, 2, 2, 2, 2, 2, 2, 2, 2, 2, 2, 2, 2, 0, 1, 0, 2, 2, 2, 3, 1, 0, 2, 2, 1, 0, 1, 1, 2, 2, 2, 2, 2, 2, 2, 2, 2, 2, 2, 2, 2, 2, 2, 2, 2, 2, 2, 2, 0, 0, 1, 2, 3, 1, 3, 3, 3, 1, 0, 1, 3, 2, 2, 2, 2, 1, 0, 1, 3, 0, 3, 3, 2, 2, 2, 2, 2, 2, 2, 2, 2, 2, 2, 2, 2, 2, 2, 2, 2, 2, 2, 2, 2, 0, 1, 1, 0, 0, 1, 0, 1, 0, 1, 3, 1, 2, 0, 1, 1, 1, 3, 2, 2, 2, 2, 2, 2, 2, 2, 2, 2, 2, 2, 2, 2, 2, 2, 2, 2, 2, 2, 0, 0, 2, 1, 0, 1, 3, 2, 2, 2, 0, 3, 1, 0, 2, 3, 1, 1, 2, 2, 0, 2, 1, 3, 1, 2, 0, 1, 3, 1, 3, 1, 2, 1, 1, 2, 3, 3, 3, 0, 1, 3, 3, 0, 1]",0.52,0.384
28,"[1, 0, 1, 0, 2, 3, 2, 2, 2, 0, 2, 3, 1, 2, 0, 3, 2, 1, 3, 3, 0, 1, 3, 3, 2, 2, 3, 3, 2, 3, 0, 0, 1, 1, 2, 3, 0, 3, 2, 2, 2, 0, 3, 2, 2, 2, 3, 0, 1, 0, 3, 3, 3, 2, 1, 3, 1, 2, 0, 1, 1, 2, 0, 0, 1, 2, 3, 1, 2, 1, 3, 3, 2, 3, 2, 2, 1, 2, 2, 2, 2, 1, 3, 1, 2, 2, 1, 3, 2, 3, 3, 2, 1, 2, 1, 2, 0, 3, 1, 2, 3, 0, 3, 1, 0, 2, 1, 3, 2, 3, 2, 1, 3, 2, 2, 3, 3, 2, 3, 3, 1, 2, 3, 1, 1, 3, 3, 1, 1, 0, 2, 0, 1, 1, 1, 1, 1, 1, 1, 1, 1, 1, 1, 1, 1, 1, 1, 1, 1, 1, 1, 1, 1, 1, 3, 1, 3, 3, 0, 0, 3, 0, 0, 1, 3, 1, 1, 3, 3, 0, 0, 1, 3, 0, 3, 0, 1, 3, 2, 0, 3, 2, 0, 1, 1, 2, 0, 1, 2, 0, 2, 1, 3, 3, 1, 0, 2, 1, 2, 0, 3, 2, 2, 1, 3, 1, 1, 1, 0, 3, 1, 2, 0, 3, 3, 1, 1, 3, 1, 1, 1, 1, 3, 2, 2, 1, 2, 3, 3, 3, 0, 3, 0, 3, 2, 1, 2, 3, 3, 1, 1, 1, 2, 2, 3, 1, 0, 1, 1, 2, 2, 0, 3, 1, 1, 1, 1, 1, 1, 1, 1, 1, 1, 1, 1, 1, 1, 1, 1, 1, 1, 1, 1, 3, 1, 2, 3, 2, 3, 1, 2, 2, 3, 2, 3, 3, 2, 1, 3, 0, 2, 3, 3, 3, 1, 2, 0, 1, 0, 2, 2, 2, 2, 2, 2, 3, 2, 3, 3, 0, 3, 1, 2, 1, 2, 3, 3, 1, 2, 3, 2, 3, 0, 1, 2, 2, 1, 2, 2, 2, 2, 2, 1, 2, 1, 1, 3, 0, 3, 3, 0, 2, 3, 3, 2, 0, 1, 2, 3, 3, 0, 2, 2, 2, 2, 2, 2, 2, 2, 2, 2, 2, 2, 2, 2, 2, 2, 2, 2, 2, 2, 2, 2, 2, 3, 0, 1, 2, 1, 3, 0, 2, 2, 0, 3, 3, 2, 2, 2, 2, 2, 2, 2, 2, 2, 2, 2, 2, 2, 2, 2, 2, 2, 2, 2, 2, 0, 1, 3, 1, 1, 2, 2, 2, 1, 2, 2, 2, 2, 2, 2, 2, 2, 2, 2, 2, 2, 2, 2, 2, 2, 2, 2, 2, 2, 2, 2, 0, 1, 0, 2, 2, 2, 3, 1, 0, 2, 2, 1, 0, 1, 1, 2, 2, 2, 2, 2, 2, 2, 2, 2, 2, 2, 2, 2, 2, 2, 2, 2, 2, 2, 2, 0, 0, 1, 2, 3, 1, 3, 3, 3, 1, 0, 1, 3, 2, 2, 2, 2, 1, 0, 1, 3, 0, 3, 3, 2, 2, 2, 2, 2, 2, 2, 2, 2, 2, 2, 2, 2, 2, 2, 2, 2, 2, 2, 2, 2, 0, 1, 1, 0, 0, 1, 0, 1, 0, 1, 3, 1, 2, 0, 1, 1, 1, 3, 2, 2, 2, 2, 2, 2, 2, 2, 2, 2, 2, 2, 2, 2, 2, 2, 2, 2, 2, 2, 0, 0, 2, 1, 0, 1, 3, 2, 2, 2, 0, 3, 1, 0, 2, 3, 1, 1, 2, 2, 0, 2, 1, 3, 1, 2, 0, 1, 3, 1, 3, 1, 2, 1, 1, 2, 3, 3, 3, 0, 1, 3, 3, 0, 1]",0.52,0.393
29,"[1, 0, 1, 0, 2, 3, 2, 2, 2, 0, 2, 3, 1, 2, 0, 3, 2, 1, 3, 3, 0, 1, 3, 3, 2, 2, 3, 3, 2, 3, 0, 0, 1, 1, 2, 3, 0, 3, 2, 2, 2, 0, 3, 2, 2, 2, 3, 0, 1, 0, 3, 3, 3, 2, 1, 3, 1, 2, 0, 1, 1, 2, 0, 0, 1, 2, 3, 1, 2, 1, 3, 3, 2, 3, 2, 2, 1, 2, 2, 2, 2, 1, 3, 1, 2, 2, 1, 3, 2, 3, 3, 2, 1, 2, 1, 2, 0, 3, 1, 2, 3, 0, 3, 1, 0, 2, 1, 3, 2, 3, 2, 1, 3, 2, 2, 3, 3, 2, 3, 3, 1, 2, 3, 1, 1, 3, 3, 1, 1, 0, 2, 0, 1, 1, 1, 1, 1, 1, 1, 1, 1, 1, 1, 1, 1, 1, 1, 1, 1, 1, 1, 1, 1, 1, 3, 1, 3, 3, 0, 0, 3, 0, 0, 1, 3, 1, 1, 3, 3, 0, 0, 1, 3, 0, 3, 0, 1, 3, 2, 0, 3, 2, 0, 1, 1, 2, 0, 1, 2, 0, 2, 1, 3, 3, 1, 0, 2, 1, 2, 0, 3, 2, 2, 1, 3, 1, 1, 1, 0, 3, 1, 2, 0, 3, 3, 1, 1, 3, 1, 1, 1, 1, 3, 2, 2, 1, 2, 3, 3, 3, 0, 3, 0, 3, 2, 1, 2, 3, 3, 1, 1, 1, 2, 2, 3, 1, 0, 1, 1, 2, 2, 0, 3, 1, 1, 1, 1, 1, 1, 1, 1, 1, 1, 1, 1, 1, 1, 1, 1, 1, 1, 1, 1, 3, 1, 2, 3, 2, 3, 1, 2, 2, 3, 2, 3, 3, 2, 1, 3, 0, 2, 3, 3, 3, 1, 2, 0, 1, 0, 2, 2, 2, 2, 2, 2, 3, 2, 3, 3, 0, 3, 1, 2, 1, 2, 3, 3, 1, 2, 3, 2, 3, 0, 1, 2, 2, 1, 2, 2, 2, 2, 2, 1, 2, 1, 1, 3, 0, 3, 3, 0, 2, 3, 3, 2, 0, 1, 2, 3, 3, 0, 2, 2, 2, 2, 2, 2, 2, 2, 2, 2, 2, 2, 2, 2, 2, 2, 2, 2, 2, 2, 2, 2, 2, 3, 0, 1, 2, 1, 3, 0, 2, 2, 0, 3, 3, 2, 2, 2, 2, 2, 2, 2, 2, 2, 2, 2, 2, 2, 2, 2, 2, 2, 2, 2, 2, 0, 1, 3, 1, 1, 2, 2, 2, 1, 2, 2, 2, 2, 2, 2, 2, 2, 2, 2, 2, 2, 2, 2, 2, 2, 2, 2, 2, 2, 2, 2, 0, 1, 0, 2, 2, 2, 3, 1, 0, 2, 2, 1, 0, 1, 1, 2, 2, 2, 2, 2, 2, 2, 2, 2, 2, 2, 2, 2, 2, 2, 2, 2, 2, 2, 2, 0, 0, 1, 2, 3, 1, 3, 3, 3, 1, 0, 1, 3, 2, 2, 2, 2, 1, 0, 1, 3, 0, 3, 3, 2, 2, 2, 2, 2, 2, 2, 2, 2, 2, 2, 2, 2, 2, 2, 2, 2, 2, 2, 2, 2, 0, 1, 1, 0, 0, 1, 0, 1, 0, 1, 3, 1, 2, 0, 1, 1, 1, 3, 2, 2, 2, 2, 2, 2, 2, 2, 2, 2, 2, 2, 2, 2, 2, 2, 2, 2, 2, 2, 0, 0, 2, 1, 0, 1, 3, 2, 2, 2, 0, 3, 1, 0, 2, 3, 1, 1, 2, 2, 0, 2, 1, 3, 1, 2, 0, 1, 3, 1, 3, 1, 2, 1, 1, 2, 3, 3, 3, 0, 1, 3, 3, 0, 1]",0.52,0.404
30,"[1, 0, 1, 0, 2, 3, 2, 2, 2, 0, 2, 3, 1, 2, 0, 3, 2, 1, 3, 3, 0, 1, 3, 3, 2, 2, 3, 3, 2, 3, 0, 0, 1, 1, 2, 3, 0, 3, 2, 2, 2, 0, 3, 2, 2, 2, 3, 0, 1, 0, 3, 3, 3, 2, 1, 3, 1, 2, 0, 1, 1, 2, 0, 0, 1, 2, 3, 1, 2, 1, 3, 3, 2, 3, 2, 2, 1, 2, 2, 2, 2, 1, 3, 1, 2, 2, 1, 3, 2, 3, 3, 2, 1, 2, 1, 2, 0, 3, 1, 2, 3, 0, 3, 1, 0, 2, 1, 3, 2, 3, 2, 1, 3, 2, 2, 3, 3, 2, 3, 3, 1, 2, 3, 1, 1, 3, 3, 1, 1, 0, 2, 0, 1, 1, 1, 1, 1, 1, 1, 1, 1, 1, 1, 1, 1, 1, 1, 1, 1, 1, 1, 1, 1, 1, 3, 1, 3, 3, 0, 0, 3, 0, 0, 1, 3, 1, 1, 3, 3, 0, 0, 1, 3, 0, 3, 0, 1, 3, 2, 0, 3, 2, 0, 1, 1, 2, 0, 1, 2, 0, 2, 1, 3, 3, 1, 0, 2, 1, 2, 0, 3, 2, 2, 1, 3, 1, 1, 1, 0, 3, 1, 2, 0, 3, 3, 1, 1, 3, 1, 1, 1, 1, 3, 2, 2, 1, 2, 3, 3, 3, 0, 3, 0, 3, 2, 1, 2, 3, 3, 1, 1, 1, 2, 2, 3, 1, 0, 1, 1, 2, 2, 0, 3, 1, 1, 1, 1, 1, 1, 1, 1, 1, 1, 1, 1, 1, 1, 1, 1, 1, 1, 1, 1, 3, 1, 2, 3, 2, 3, 1, 2, 2, 3, 2, 3, 3, 2, 1, 3, 0, 2, 3, 3, 3, 1, 2, 0, 1, 0, 2, 2, 2, 2, 2, 2, 3, 2, 3, 3, 0, 3, 1, 2, 1, 2, 3, 3, 1, 2, 3, 2, 3, 0, 1, 2, 2, 1, 2, 2, 2, 2, 2, 1, 2, 1, 1, 3, 0, 3, 3, 0, 2, 3, 3, 2, 0, 1, 2, 3, 3, 0, 2, 2, 2, 2, 2, 2, 2, 2, 2, 2, 2, 2, 2, 2, 2, 2, 2, 2, 2, 2, 2, 2, 2, 3, 0, 1, 2, 1, 3, 0, 2, 2, 0, 3, 3, 2, 2, 2, 2, 2, 2, 2, 2, 2, 2, 2, 2, 2, 2, 2, 2, 2, 2, 2, 2, 0, 1, 3, 1, 1, 2, 2, 2, 1, 2, 2, 2, 2, 2, 2, 2, 2, 2, 2, 2, 2, 2, 2, 2, 2, 2, 2, 2, 2, 2, 2, 0, 1, 0, 2, 2, 2, 3, 1, 0, 2, 2, 1, 0, 1, 1, 2, 2, 2, 2, 2, 2, 2, 2, 2, 2, 2, 2, 2, 2, 2, 2, 2, 2, 2, 2, 0, 0, 1, 2, 3, 1, 3, 3, 3, 1, 0, 1, 3, 2, 2, 2, 2, 1, 0, 1, 3, 0, 3, 3, 2, 2, 2, 2, 2, 2, 2, 2, 2, 2, 2, 2, 2, 2, 2, 2, 2, 2, 2, 2, 2, 0, 1, 1, 0, 0, 1, 0, 1, 0, 1, 3, 1, 2, 0, 1, 1, 1, 3, 2, 2, 2, 2, 2, 2, 2, 2, 2, 2, 2, 2, 2, 2, 2, 2, 2, 2, 2, 2, 0, 0, 2, 1, 0, 1, 3, 2, 2, 2, 0, 3, 1, 0, 2, 3, 1, 1, 2, 2, 0, 2, 1, 3, 1, 2, 0, 1, 3, 1, 3, 1, 2, 1, 1, 2, 3, 3, 3, 0, 1, 3, 3, 0, 1]",0.52,0.419
